<?xml version="1.0" encoding="UTF-8"?>
<gpx creator="StravaGPX" version="1.1" xmlns="http://www.topografix.com/GPX/1/1" xmlns:xsi="http://www.w3.org/2001/XMLSchema-instance" xsi:schemaLocation="http://www.topografix.com/GPX/1/1 http://www.topografix.com/GPX/1/1/gpx.xsd">
 <metadata>
  <name>Beach ride with a LOOP</name>
  <desc>Start at Bianco Latte Bakery at 9:30 AM
Lunch spot near Rippers
</desc>
  <author>
   <name>Aasif Versi</name>
   <link href="https://www.strava.com/athletes/14834922"/>
  </author>
  <copyright author="OpenStreetMap contributors">
   <year>2020</year>
   <license>https://www.openstreetmap.org/copyright</license>
  </copyright>
  <link href="https://www.strava.com/routes/3518419014146803594"/>
 </metadata>
 <wpt lat="40.74777" lon="-73.95002">
  <name>45-02 11th Street</name>
  <desc></desc>
  <sym>Coffee</sym>
  <type>Coffee</type>
 </wpt>
 <wpt lat="40.58452" lon="-73.81076">
  <name>Rippers</name>
  <desc></desc>
  <sym>Bar</sym>
  <type>Bar</type>
 </wpt>
 <trk>
  <name>Beach ride with a LOOP</name>
  <desc>Start at Bianco Latte Bakery at 9:30 AM
Lunch spot near Rippers
</desc>
  <link href="https://www.strava.com/routes/3518419014146803594"/>
  <type>cycling</type>
  <trkseg>
   <trkpt lat="40.74777" lon="-73.95002000000001">
    <ele>3.8800000000000003</ele>
   </trkpt>
   <trkpt lat="40.74701333472535" lon="-73.95027334774288">
    <ele>3.8400000000000003</ele>
   </trkpt>
   <trkpt lat="40.74625666889675" lon="-73.95052668972059">
    <ele>3.7900000000000005</ele>
   </trkpt>
   <trkpt lat="40.74550000251423" lon="-73.95078002593341">
    <ele>3.6600000000000006</ele>
   </trkpt>
   <trkpt lat="40.744743335577795" lon="-73.95103335638166">
    <ele>3.94</ele>
   </trkpt>
   <trkpt lat="40.74398666808753" lon="-73.95128668106558">
    <ele>5.17</ele>
   </trkpt>
   <trkpt lat="40.743230000000004" lon="-73.95154000000001">
    <ele>6.450000000000001</ele>
   </trkpt>
   <trkpt lat="40.742990000000006" lon="-73.95156">
    <ele>6.630000000000001</ele>
   </trkpt>
   <trkpt lat="40.742900000000006" lon="-73.9517">
    <ele>6.53</ele>
   </trkpt>
   <trkpt lat="40.742810000000006" lon="-73.95161">
    <ele>7.050000000000001</ele>
   </trkpt>
   <trkpt lat="40.742740000000005" lon="-73.9516">
    <ele>7.050000000000001</ele>
   </trkpt>
   <trkpt lat="40.74269" lon="-73.9516">
    <ele>7.050000000000001</ele>
   </trkpt>
   <trkpt lat="40.742360000000005" lon="-73.95169">
    <ele>9.030000000000001</ele>
   </trkpt>
   <trkpt lat="40.74152600133182" lon="-73.95196801394334">
    <ele>12.540000000000001</ele>
   </trkpt>
   <trkpt lat="40.740692001996585" lon="-73.95224602091501">
    <ele>15.170000000000002</ele>
   </trkpt>
   <trkpt lat="40.73985800199435" lon="-73.95252402091536">
    <ele>15.950000000000003</ele>
   </trkpt>
   <trkpt lat="40.73902400132515" lon="-73.95280201394479">
    <ele>16.310000000000002</ele>
   </trkpt>
   <trkpt lat="40.73819" lon="-73.95308">
    <ele>14.17</ele>
   </trkpt>
   <trkpt lat="40.73794" lon="-73.95313">
    <ele>12.06</ele>
   </trkpt>
   <trkpt lat="40.73763" lon="-73.95312000000001">
    <ele>10.990000000000002</ele>
   </trkpt>
   <trkpt lat="40.73717000010886" lon="-73.95303499942662">
    <ele>8.74</ele>
   </trkpt>
   <trkpt lat="40.73671" lon="-73.95295">
    <ele>7.140000000000001</ele>
   </trkpt>
   <trkpt lat="40.736086666681295" lon="-73.95285666490864">
    <ele>4.920000000000001</ele>
   </trkpt>
   <trkpt lat="40.7354633332874" lon="-73.95276333156626">
    <ele>3.62</ele>
   </trkpt>
   <trkpt lat="40.734840000000005" lon="-73.95267000000001">
    <ele>3.73</ele>
   </trkpt>
   <trkpt lat="40.73474" lon="-73.9526">
    <ele>3.87</ele>
   </trkpt>
   <trkpt lat="40.734680000000004" lon="-73.95252">
    <ele>4.430000000000001</ele>
   </trkpt>
   <trkpt lat="40.73460333962225" lon="-73.9533733352481">
    <ele>3.6100000000000003</ele>
   </trkpt>
   <trkpt lat="40.734526672960236" lon="-73.9542266685296">
    <ele>4.25</ele>
   </trkpt>
   <trkpt lat="40.73445" lon="-73.95508000000001">
    <ele>4.61</ele>
   </trkpt>
   <trkpt lat="40.73434667660507" lon="-73.95615333670737">
    <ele>4.540000000000001</ele>
   </trkpt>
   <trkpt lat="40.73424334326786" lon="-73.95722667008081">
    <ele>3.920000000000001</ele>
   </trkpt>
   <trkpt lat="40.734140000000004" lon="-73.95830000000001">
    <ele>3.95</ele>
   </trkpt>
   <trkpt lat="40.73331000039115" lon="-73.95816332480715">
    <ele>4.07</ele>
   </trkpt>
   <trkpt lat="40.73248000062108" lon="-73.95802665302422">
    <ele>4.64</ele>
   </trkpt>
   <trkpt lat="40.73165000068982" lon="-73.95788998465106">
    <ele>6.260000000000001</ele>
   </trkpt>
   <trkpt lat="40.73082000059737" lon="-73.95775331968748">
    <ele>6.970000000000001</ele>
   </trkpt>
   <trkpt lat="40.72999000034374" lon="-73.95761665813328">
    <ele>6.48</ele>
   </trkpt>
   <trkpt lat="40.72916" lon="-73.95748">
    <ele>5.72</ele>
   </trkpt>
   <trkpt lat="40.728546666686114" lon="-73.9573833315418">
    <ele>5.2700000000000005</ele>
   </trkpt>
   <trkpt lat="40.727933333291574" lon="-73.9572866648655">
    <ele>4.750000000000001</ele>
   </trkpt>
   <trkpt lat="40.727320000000006" lon="-73.95719000000001">
    <ele>4.55</ele>
   </trkpt>
   <trkpt lat="40.7271" lon="-73.95721">
    <ele>4.4</ele>
   </trkpt>
   <trkpt lat="40.72633500010772" lon="-73.95735000160506">
    <ele>3.45</ele>
   </trkpt>
   <trkpt lat="40.725570000000005" lon="-73.95749">
    <ele>3.18</ele>
   </trkpt>
   <trkpt lat="40.725100000000005" lon="-73.95756">
    <ele>3.25</ele>
   </trkpt>
   <trkpt lat="40.72426" lon="-73.9577">
    <ele>3.6500000000000004</ele>
   </trkpt>
   <trkpt lat="40.72382500208676" lon="-73.95698999521541">
    <ele>4.2700000000000005</ele>
   </trkpt>
   <trkpt lat="40.72339" lon="-73.95628">
    <ele>4.2</ele>
   </trkpt>
   <trkpt lat="40.72273401924572" lon="-73.95698406244577">
    <ele>4.72</ele>
   </trkpt>
   <trkpt lat="40.72207803421382" lon="-73.95768811101368">
    <ele>6.930000000000001</ele>
   </trkpt>
   <trkpt lat="40.72142204490448" lon="-73.95839214570425">
    <ele>8.42</ele>
   </trkpt>
   <trkpt lat="40.72076605131788" lon="-73.95909616651798">
    <ele>9.64</ele>
   </trkpt>
   <trkpt lat="40.72011005345421" lon="-73.95980017345536">
    <ele>9.780000000000001</ele>
   </trkpt>
   <trkpt lat="40.71945405131365" lon="-73.96050416651691">
    <ele>8.360000000000001</ele>
   </trkpt>
   <trkpt lat="40.71879804489639" lon="-73.96120814570313">
    <ele>6.620000000000001</ele>
   </trkpt>
   <trkpt lat="40.71814203420259" lon="-73.96191211101451">
    <ele>6.23</ele>
   </trkpt>
   <trkpt lat="40.71748601923248" lon="-73.96261606245159">
    <ele>7.130000000000001</ele>
   </trkpt>
   <trkpt lat="40.71683" lon="-73.96332000000001">
    <ele>9.36</ele>
   </trkpt>
   <trkpt lat="40.71634" lon="-73.96386000000001">
    <ele>10.520000000000001</ele>
   </trkpt>
   <trkpt lat="40.715810000000005" lon="-73.96444000000001">
    <ele>12.020000000000001</ele>
   </trkpt>
   <trkpt lat="40.715740000000004" lon="-73.96449000000001">
    <ele>12.020000000000001</ele>
   </trkpt>
   <trkpt lat="40.71566000000001" lon="-73.96454">
    <ele>12.020000000000001</ele>
   </trkpt>
   <trkpt lat="40.714913334320784" lon="-73.96487334079718">
    <ele>13.46</ele>
   </trkpt>
   <trkpt lat="40.71416666768273" lon="-73.96520667411762">
    <ele>14.08</ele>
   </trkpt>
   <trkpt lat="40.713420000000006" lon="-73.96554">
    <ele>13.73</ele>
   </trkpt>
   <trkpt lat="40.712920000000004" lon="-73.96575">
    <ele>13.01</ele>
   </trkpt>
   <trkpt lat="40.71246000015484" lon="-73.9659650015062">
    <ele>12.34</ele>
   </trkpt>
   <trkpt lat="40.712" lon="-73.96618000000001">
    <ele>12.23</ele>
   </trkpt>
   <trkpt lat="40.711300000351855" lon="-73.96648500322797">
    <ele>11.11</ele>
   </trkpt>
   <trkpt lat="40.71060000000001" lon="-73.96679">
    <ele>10.22</ele>
   </trkpt>
   <trkpt lat="40.709860000000006" lon="-73.96695000000001">
    <ele>9.41</ele>
   </trkpt>
   <trkpt lat="40.709053333575994" lon="-73.96710667045627">
    <ele>8.790000000000001</ele>
   </trkpt>
   <trkpt lat="40.708246666940205" lon="-73.96726333711688">
    <ele>9.260000000000002</ele>
   </trkpt>
   <trkpt lat="40.707440000000005" lon="-73.96742">
    <ele>10.47</ele>
   </trkpt>
   <trkpt lat="40.707" lon="-73.96728">
    <ele>10.55</ele>
   </trkpt>
   <trkpt lat="40.706830000000004" lon="-73.96828000000001">
    <ele>6.82</ele>
   </trkpt>
   <trkpt lat="40.70673" lon="-73.96827">
    <ele>6.540000000000001</ele>
   </trkpt>
   <trkpt lat="40.70674" lon="-73.96834000000001">
    <ele>6.540000000000001</ele>
   </trkpt>
   <trkpt lat="40.70666000000001" lon="-73.96834000000001">
    <ele>6.540000000000001</ele>
   </trkpt>
   <trkpt lat="40.70598333404376" lon="-73.96804666069202">
    <ele>5.620000000000001</ele>
   </trkpt>
   <trkpt lat="40.70530666734503" lon="-73.9677533273449">
    <ele>4.91</ele>
   </trkpt>
   <trkpt lat="40.70463" lon="-73.96746">
    <ele>4.3</ele>
   </trkpt>
   <trkpt lat="40.70445" lon="-73.96745">
    <ele>4.180000000000001</ele>
   </trkpt>
   <trkpt lat="40.70432" lon="-73.96741">
    <ele>4.180000000000001</ele>
   </trkpt>
   <trkpt lat="40.70407" lon="-73.96717000000001">
    <ele>4.17</ele>
   </trkpt>
   <trkpt lat="40.703580001691726" lon="-73.96654499541015">
    <ele>3.94</ele>
   </trkpt>
   <trkpt lat="40.70309" lon="-73.96592000000001">
    <ele>4.23</ele>
   </trkpt>
   <trkpt lat="40.7025580076103" lon="-73.96525597878818">
    <ele>4.15</ele>
   </trkpt>
   <trkpt lat="40.70202601141608" lon="-73.96459196818351">
    <ele>3.93</ele>
   </trkpt>
   <trkpt lat="40.701494011417466" lon="-73.9639279681857">
    <ele>4.010000000000001</ele>
   </trkpt>
   <trkpt lat="40.70096200761461" lon="-73.96326397879449">
    <ele>4.109999999999999</ele>
   </trkpt>
   <trkpt lat="40.700430000000004" lon="-73.96260000000001">
    <ele>3.96</ele>
   </trkpt>
   <trkpt lat="40.70028000000001" lon="-73.96254">
    <ele>3.96</ele>
   </trkpt>
   <trkpt lat="40.699760000000005" lon="-73.96243000000001">
    <ele>3.87</ele>
   </trkpt>
   <trkpt lat="40.699690000000004" lon="-73.96244">
    <ele>3.93</ele>
   </trkpt>
   <trkpt lat="40.698905000088445" lon="-73.96266500268867">
    <ele>5.0200000000000005</ele>
   </trkpt>
   <trkpt lat="40.69812" lon="-73.96289">
    <ele>6.73</ele>
   </trkpt>
   <trkpt lat="40.69809" lon="-73.96291000000001">
    <ele>6.73</ele>
   </trkpt>
   <trkpt lat="40.69807" lon="-73.96296000000001">
    <ele>6.74</ele>
   </trkpt>
   <trkpt lat="40.69794000627928" lon="-73.96381333668852">
    <ele>7.04</ele>
   </trkpt>
   <trkpt lat="40.697810006275496" lon="-73.96466667004665">
    <ele>7.470000000000001</ele>
   </trkpt>
   <trkpt lat="40.697680000000005" lon="-73.96552000000001">
    <ele>6.53</ele>
   </trkpt>
   <trkpt lat="40.69772500532096" lon="-73.96662999938366">
    <ele>5.180000000000001</ele>
   </trkpt>
   <trkpt lat="40.697770000000006" lon="-73.96774">
    <ele>4.9799999999999995</ele>
   </trkpt>
   <trkpt lat="40.697810000000004" lon="-73.96821">
    <ele>4.710000000000001</ele>
   </trkpt>
   <trkpt lat="40.69783667228072" lon="-73.96901666600388">
    <ele>4.61</ele>
   </trkpt>
   <trkpt lat="40.697863338946824" lon="-73.96982333265363">
    <ele>4.5</ele>
   </trkpt>
   <trkpt lat="40.69789" lon="-73.97063">
    <ele>4.66</ele>
   </trkpt>
   <trkpt lat="40.69784000000001" lon="-73.97064">
    <ele>4.66</ele>
   </trkpt>
   <trkpt lat="40.69785" lon="-73.97078">
    <ele>5.010000000000001</ele>
   </trkpt>
   <trkpt lat="40.696996876870145" lon="-73.9706099673475">
    <ele>7.33</ele>
   </trkpt>
   <trkpt lat="40.69614375349084" lon="-73.9704399390498">
    <ele>11.62</ele>
   </trkpt>
   <trkpt lat="40.6952906298621" lon="-73.97026991510664">
    <ele>14.090000000000002</ele>
   </trkpt>
   <trkpt lat="40.69443750598392" lon="-73.97009989551776">
    <ele>16.17</ele>
   </trkpt>
   <trkpt lat="40.69358438185636" lon="-73.96992988028298">
    <ele>19.01</ele>
   </trkpt>
   <trkpt lat="40.69273125747938" lon="-73.969759869402">
    <ele>20.98</ele>
   </trkpt>
   <trkpt lat="40.691878132853034" lon="-73.96958986287459">
    <ele>22.61</ele>
   </trkpt>
   <trkpt lat="40.691025007977316" lon="-73.96941986070053">
    <ele>23.919999999999998</ele>
   </trkpt>
   <trkpt lat="40.69017188285225" lon="-73.96924986287956">
    <ele>25.150000000000002</ele>
   </trkpt>
   <trkpt lat="40.68931875747784" lon="-73.96907986941144">
    <ele>26.88</ele>
   </trkpt>
   <trkpt lat="40.688465631854115" lon="-73.96890988029595">
    <ele>29.130000000000003</ele>
   </trkpt>
   <trkpt lat="40.68761250598108" lon="-73.96873989553282">
    <ele>29.68</ele>
   </trkpt>
   <trkpt lat="40.68675937985872" lon="-73.96856991512183">
    <ele>29.080000000000002</ele>
   </trkpt>
   <trkpt lat="40.685906253487104" lon="-73.96839993906272">
    <ele>27.380000000000003</ele>
   </trkpt>
   <trkpt lat="40.68505312686622" lon="-73.96822996735527">
    <ele>26.28</ele>
   </trkpt>
   <trkpt lat="40.684200000000004" lon="-73.96806000000001">
    <ele>25.51</ele>
   </trkpt>
   <trkpt lat="40.68363" lon="-73.96793000000001">
    <ele>24.560000000000002</ele>
   </trkpt>
   <trkpt lat="40.68279500021383" lon="-73.96776999801541">
    <ele>23.85</ele>
   </trkpt>
   <trkpt lat="40.681960000000004" lon="-73.96761000000001">
    <ele>23.500000000000004</ele>
   </trkpt>
   <trkpt lat="40.681580000000004" lon="-73.96745">
    <ele>24.26</ele>
   </trkpt>
   <trkpt lat="40.68080250235796" lon="-73.96773002286429">
    <ele>25.490000000000002</ele>
   </trkpt>
   <trkpt lat="40.680025004039415" lon="-73.96801003919626">
    <ele>27.31</ele>
   </trkpt>
   <trkpt lat="40.679247505044415" lon="-73.96829004899622">
    <ele>29.09</ele>
   </trkpt>
   <trkpt lat="40.67847000537297" lon="-73.96857005226452">
    <ele>30.840000000000003</ele>
   </trkpt>
   <trkpt lat="40.67769250502512" lon="-73.96885004900149">
    <ele>33.150000000000006</ele>
   </trkpt>
   <trkpt lat="40.67691500400092" lon="-73.96913003920743">
    <ele>35.68</ele>
   </trkpt>
   <trkpt lat="40.676137502300385" lon="-73.96941002288266">
    <ele>37.68000000000001</ele>
   </trkpt>
   <trkpt lat="40.675360000000005" lon="-73.96969">
    <ele>39.220000000000006</ele>
   </trkpt>
   <trkpt lat="40.6753" lon="-73.96958000000001">
    <ele>39.220000000000006</ele>
   </trkpt>
   <trkpt lat="40.675070000000005" lon="-73.96929">
    <ele>40.24</ele>
   </trkpt>
   <trkpt lat="40.674850000000006" lon="-73.96910000000001">
    <ele>40.540000000000006</ele>
   </trkpt>
   <trkpt lat="40.674710000000005" lon="-73.96899">
    <ele>40.86</ele>
   </trkpt>
   <trkpt lat="40.674290000000006" lon="-73.9688">
    <ele>41.400000000000006</ele>
   </trkpt>
   <trkpt lat="40.67392" lon="-73.96872">
    <ele>42.4</ele>
   </trkpt>
   <trkpt lat="40.673730000000006" lon="-73.96871">
    <ele>42.65</ele>
   </trkpt>
   <trkpt lat="40.67362000000001" lon="-73.96875">
    <ele>42.86</ele>
   </trkpt>
   <trkpt lat="40.673190000000005" lon="-73.96881">
    <ele>43.63</ele>
   </trkpt>
   <trkpt lat="40.67316" lon="-73.96889">
    <ele>43.71000000000001</ele>
   </trkpt>
   <trkpt lat="40.67307" lon="-73.96898">
    <ele>43.89000000000001</ele>
   </trkpt>
   <trkpt lat="40.672940000000004" lon="-73.96908">
    <ele>44.09</ele>
   </trkpt>
   <trkpt lat="40.67287" lon="-73.96919000000001">
    <ele>44.25000000000001</ele>
   </trkpt>
   <trkpt lat="40.67275" lon="-73.96955000000001">
    <ele>44.50000000000001</ele>
   </trkpt>
   <trkpt lat="40.67275" lon="-73.96962">
    <ele>44.76</ele>
   </trkpt>
   <trkpt lat="40.672560000000004" lon="-73.96968000000001">
    <ele>45.25000000000001</ele>
   </trkpt>
   <trkpt lat="40.67231" lon="-73.96985000000001">
    <ele>45.86000000000001</ele>
   </trkpt>
   <trkpt lat="40.671820000000004" lon="-73.96973000000001">
    <ele>46.970000000000006</ele>
   </trkpt>
   <trkpt lat="40.671600000000005" lon="-73.96974">
    <ele>47.470000000000006</ele>
   </trkpt>
   <trkpt lat="40.67147000000001" lon="-73.96982000000001">
    <ele>47.470000000000006</ele>
   </trkpt>
   <trkpt lat="40.67132" lon="-73.96992">
    <ele>47.830000000000005</ele>
   </trkpt>
   <trkpt lat="40.67100000000001" lon="-73.97043000000001">
    <ele>48.540000000000006</ele>
   </trkpt>
   <trkpt lat="40.67071000000001" lon="-73.97072">
    <ele>48.64</ele>
   </trkpt>
   <trkpt lat="40.67004" lon="-73.97116000000001">
    <ele>47.81</ele>
   </trkpt>
   <trkpt lat="40.66991" lon="-73.97126">
    <ele>47.06</ele>
   </trkpt>
   <trkpt lat="40.669340000000005" lon="-73.97189">
    <ele>45.24</ele>
   </trkpt>
   <trkpt lat="40.66902" lon="-73.97211">
    <ele>45.480000000000004</ele>
   </trkpt>
   <trkpt lat="40.668710000000004" lon="-73.97221">
    <ele>46.080000000000005</ele>
   </trkpt>
   <trkpt lat="40.66827000000001" lon="-73.97233">
    <ele>46.330000000000005</ele>
   </trkpt>
   <trkpt lat="40.66794" lon="-73.97236000000001">
    <ele>46.95</ele>
   </trkpt>
   <trkpt lat="40.667590000000004" lon="-73.97235">
    <ele>47.03</ele>
   </trkpt>
   <trkpt lat="40.666700000000006" lon="-73.97221">
    <ele>46.81</ele>
   </trkpt>
   <trkpt lat="40.66630000000001" lon="-73.97225">
    <ele>47.28</ele>
   </trkpt>
   <trkpt lat="40.66606" lon="-73.97234">
    <ele>47.35</ele>
   </trkpt>
   <trkpt lat="40.66593" lon="-73.97242">
    <ele>47.52</ele>
   </trkpt>
   <trkpt lat="40.665670000000006" lon="-73.97268000000001">
    <ele>47.74</ele>
   </trkpt>
   <trkpt lat="40.665130000000005" lon="-73.97327">
    <ele>48.11000000000001</ele>
   </trkpt>
   <trkpt lat="40.66456" lon="-73.97362000000001">
    <ele>48.39</ele>
   </trkpt>
   <trkpt lat="40.664300000000004" lon="-73.97381">
    <ele>47.89</ele>
   </trkpt>
   <trkpt lat="40.663920000000005" lon="-73.97416000000001">
    <ele>47.470000000000006</ele>
   </trkpt>
   <trkpt lat="40.663630000000005" lon="-73.97448">
    <ele>47.64</ele>
   </trkpt>
   <trkpt lat="40.66335" lon="-73.97487000000001">
    <ele>47.970000000000006</ele>
   </trkpt>
   <trkpt lat="40.663030000000006" lon="-73.97543">
    <ele>48.56</ele>
   </trkpt>
   <trkpt lat="40.66277" lon="-73.97605">
    <ele>49.09</ele>
   </trkpt>
   <trkpt lat="40.66248" lon="-73.97663">
    <ele>48.470000000000006</ele>
   </trkpt>
   <trkpt lat="40.66225" lon="-73.97699">
    <ele>46.95</ele>
   </trkpt>
   <trkpt lat="40.66199" lon="-73.97725000000001">
    <ele>45.78</ele>
   </trkpt>
   <trkpt lat="40.66176" lon="-73.97744">
    <ele>45.480000000000004</ele>
   </trkpt>
   <trkpt lat="40.66147" lon="-73.97757">
    <ele>45.56</ele>
   </trkpt>
   <trkpt lat="40.6612" lon="-73.97760000000001">
    <ele>45.62</ele>
   </trkpt>
   <trkpt lat="40.660920000000004" lon="-73.97753">
    <ele>46.03</ele>
   </trkpt>
   <trkpt lat="40.6606" lon="-73.9773">
    <ele>45.980000000000004</ele>
   </trkpt>
   <trkpt lat="40.66033" lon="-73.97686">
    <ele>45.19</ele>
   </trkpt>
   <trkpt lat="40.66026" lon="-73.97668">
    <ele>44.85</ele>
   </trkpt>
   <trkpt lat="40.660180000000004" lon="-73.97637">
    <ele>44.85</ele>
   </trkpt>
   <trkpt lat="40.660090000000004" lon="-73.97579">
    <ele>42.940000000000005</ele>
   </trkpt>
   <trkpt lat="40.66004" lon="-73.9756">
    <ele>42.260000000000005</ele>
   </trkpt>
   <trkpt lat="40.659890000000004" lon="-73.97528000000001">
    <ele>41.95</ele>
   </trkpt>
   <trkpt lat="40.65973" lon="-73.97502">
    <ele>41.45</ele>
   </trkpt>
   <trkpt lat="40.65937" lon="-73.97461000000001">
    <ele>41.940000000000005</ele>
   </trkpt>
   <trkpt lat="40.65898000000001" lon="-73.97385000000001">
    <ele>41.29</ele>
   </trkpt>
   <trkpt lat="40.65879" lon="-73.97354">
    <ele>39.78</ele>
   </trkpt>
   <trkpt lat="40.65852" lon="-73.97327">
    <ele>38.56</ele>
   </trkpt>
   <trkpt lat="40.65823" lon="-73.9731">
    <ele>37.51</ele>
   </trkpt>
   <trkpt lat="40.658060000000006" lon="-73.97307">
    <ele>37.18000000000001</ele>
   </trkpt>
   <trkpt lat="40.65764" lon="-73.97307">
    <ele>35.65</ele>
   </trkpt>
   <trkpt lat="40.65684" lon="-73.97314">
    <ele>32.480000000000004</ele>
   </trkpt>
   <trkpt lat="40.656580000000005" lon="-73.97314">
    <ele>29.400000000000002</ele>
   </trkpt>
   <trkpt lat="40.65626" lon="-73.97305">
    <ele>28.450000000000003</ele>
   </trkpt>
   <trkpt lat="40.656040000000004" lon="-73.97296">
    <ele>27.57</ele>
   </trkpt>
   <trkpt lat="40.655840000000005" lon="-73.97282000000001">
    <ele>26.770000000000003</ele>
   </trkpt>
   <trkpt lat="40.65527" lon="-73.97216">
    <ele>23.610000000000003</ele>
   </trkpt>
   <trkpt lat="40.65502" lon="-73.97194">
    <ele>22.63</ele>
   </trkpt>
   <trkpt lat="40.65475" lon="-73.9718">
    <ele>22.02</ele>
   </trkpt>
   <trkpt lat="40.654520000000005" lon="-73.97176">
    <ele>21.92</ele>
   </trkpt>
   <trkpt lat="40.654410000000006" lon="-73.97176">
    <ele>21.75</ele>
   </trkpt>
   <trkpt lat="40.65422" lon="-73.9718">
    <ele>21.6</ele>
   </trkpt>
   <trkpt lat="40.653690000000005" lon="-73.97198">
    <ele>20.85</ele>
   </trkpt>
   <trkpt lat="40.65346" lon="-73.97202">
    <ele>20.67</ele>
   </trkpt>
   <trkpt lat="40.653180000000006" lon="-73.97202">
    <ele>20.67</ele>
   </trkpt>
   <trkpt lat="40.65283" lon="-73.97193">
    <ele>20.32</ele>
   </trkpt>
   <trkpt lat="40.65260000000001" lon="-73.9718">
    <ele>20.05</ele>
   </trkpt>
   <trkpt lat="40.652420000000006" lon="-73.97163">
    <ele>19.919999999999998</ele>
   </trkpt>
   <trkpt lat="40.652190000000004" lon="-73.97134000000001">
    <ele>19.62</ele>
   </trkpt>
   <trkpt lat="40.65214" lon="-73.97122">
    <ele>19.520000000000003</ele>
   </trkpt>
   <trkpt lat="40.65204000000001" lon="-73.97095">
    <ele>19.48</ele>
   </trkpt>
   <trkpt lat="40.652" lon="-73.97072">
    <ele>19.540000000000003</ele>
   </trkpt>
   <trkpt lat="40.65204000000001" lon="-73.97031000000001">
    <ele>19.84</ele>
   </trkpt>
   <trkpt lat="40.652080000000005" lon="-73.97009">
    <ele>19.970000000000002</ele>
   </trkpt>
   <trkpt lat="40.652280000000005" lon="-73.96951">
    <ele>20.380000000000003</ele>
   </trkpt>
   <trkpt lat="40.652420000000006" lon="-73.96925">
    <ele>21.18</ele>
   </trkpt>
   <trkpt lat="40.652775001082915" lon="-73.96875500259728">
    <ele>21.44</ele>
   </trkpt>
   <trkpt lat="40.653130000000004" lon="-73.96826">
    <ele>21.92</ele>
   </trkpt>
   <trkpt lat="40.65339" lon="-73.96772">
    <ele>22.22</ele>
   </trkpt>
   <trkpt lat="40.65357" lon="-73.9671">
    <ele>22.36</ele>
   </trkpt>
   <trkpt lat="40.65364" lon="-73.96678">
    <ele>22.240000000000002</ele>
   </trkpt>
   <trkpt lat="40.653740000000006" lon="-73.96615">
    <ele>22.160000000000004</ele>
   </trkpt>
   <trkpt lat="40.653870000000005" lon="-73.96557">
    <ele>21.910000000000004</ele>
   </trkpt>
   <trkpt lat="40.65411" lon="-73.9649">
    <ele>21.85</ele>
   </trkpt>
   <trkpt lat="40.654250000000005" lon="-73.9646">
    <ele>21.5</ele>
   </trkpt>
   <trkpt lat="40.654540000000004" lon="-73.96415">
    <ele>21.41</ele>
   </trkpt>
   <trkpt lat="40.654700000000005" lon="-73.96394000000001">
    <ele>21.19</ele>
   </trkpt>
   <trkpt lat="40.655" lon="-73.96366">
    <ele>21.07</ele>
   </trkpt>
   <trkpt lat="40.65563" lon="-73.9632">
    <ele>21.040000000000003</ele>
   </trkpt>
   <trkpt lat="40.655370000000005" lon="-73.96307">
    <ele>20.71</ele>
   </trkpt>
   <trkpt lat="40.655240000000006" lon="-73.96289">
    <ele>20.16</ele>
   </trkpt>
   <trkpt lat="40.65505" lon="-73.96235">
    <ele>19.48</ele>
   </trkpt>
   <trkpt lat="40.65487" lon="-73.9619">
    <ele>19.19</ele>
   </trkpt>
   <trkpt lat="40.65449" lon="-73.96184000000001">
    <ele>19.650000000000002</ele>
   </trkpt>
   <trkpt lat="40.65369000016723" lon="-73.96168999639794">
    <ele>18.99</ele>
   </trkpt>
   <trkpt lat="40.65289000014035" lon="-73.96153999639297">
    <ele>18.26</ele>
   </trkpt>
   <trkpt lat="40.65209" lon="-73.96139000000001">
    <ele>17.67</ele>
   </trkpt>
   <trkpt lat="40.651529999834416" lon="-73.96129999921247">
    <ele>17.35</ele>
   </trkpt>
   <trkpt lat="40.65097" lon="-73.96121000000001">
    <ele>17.130000000000003</ele>
   </trkpt>
   <trkpt lat="40.65052500030703" lon="-73.96110999939243">
    <ele>16.830000000000002</ele>
   </trkpt>
   <trkpt lat="40.65008" lon="-73.96101">
    <ele>16.69</ele>
   </trkpt>
   <trkpt lat="40.64936000013488" lon="-73.96088499866305">
    <ele>16.330000000000002</ele>
   </trkpt>
   <trkpt lat="40.64864" lon="-73.96076000000001">
    <ele>15.940000000000003</ele>
   </trkpt>
   <trkpt lat="40.64794499998565" lon="-73.96061999852209">
    <ele>14.83</ele>
   </trkpt>
   <trkpt lat="40.64725000000001" lon="-73.96048">
    <ele>14.25</ele>
   </trkpt>
   <trkpt lat="40.64642428635554" lon="-73.96032284547825">
    <ele>13.170000000000002</ele>
   </trkpt>
   <trkpt lat="40.64559857249803" lon="-73.96016569484517">
    <ele>11.55</ele>
   </trkpt>
   <trkpt lat="40.64477285842749" lon="-73.96000854810059">
    <ele>10.83</ele>
   </trkpt>
   <trkpt lat="40.64394714414395" lon="-73.95985140524428">
    <ele>10.25</ele>
   </trkpt>
   <trkpt lat="40.643121429647394" lon="-73.95969426627605">
    <ele>9.74</ele>
   </trkpt>
   <trkpt lat="40.642295714937845" lon="-73.95953713119566">
    <ele>9.370000000000001</ele>
   </trkpt>
   <trkpt lat="40.641470000000005" lon="-73.95938000000001">
    <ele>9.27</ele>
   </trkpt>
   <trkpt lat="40.64072333345504" lon="-73.95924333026872">
    <ele>8.97</ele>
   </trkpt>
   <trkpt lat="40.63997666674898" lon="-73.9591066635949">
    <ele>9.1</ele>
   </trkpt>
   <trkpt lat="40.639230000000005" lon="-73.95897000000001">
    <ele>9.520000000000001</ele>
   </trkpt>
   <trkpt lat="40.63852500015364" lon="-73.95882499848166">
    <ele>9.23</ele>
   </trkpt>
   <trkpt lat="40.637820000000005" lon="-73.95868">
    <ele>9.420000000000002</ele>
   </trkpt>
   <trkpt lat="40.63772" lon="-73.95868">
    <ele>9.340000000000002</ele>
   </trkpt>
   <trkpt lat="40.63706000016705" lon="-73.95855999883277">
    <ele>8.98</ele>
   </trkpt>
   <trkpt lat="40.6364" lon="-73.95844000000001">
    <ele>8.820000000000002</ele>
   </trkpt>
   <trkpt lat="40.635845000143405" lon="-73.95832499906192">
    <ele>8.51</ele>
   </trkpt>
   <trkpt lat="40.635290000000005" lon="-73.95821000000001">
    <ele>8.41</ele>
   </trkpt>
   <trkpt lat="40.635396015768045" lon="-73.95725400605656">
    <ele>8.270000000000001</ele>
   </trkpt>
   <trkpt lat="40.63550202365293" lon="-73.95629800907714">
    <ele>7.98</ele>
   </trkpt>
   <trkpt lat="40.635608023654655" lon="-73.95534200906201">
    <ele>8.110000000000001</ele>
   </trkpt>
   <trkpt lat="40.63571401577312" lon="-73.95438600601133">
    <ele>8.14</ele>
   </trkpt>
   <trkpt lat="40.63582" lon="-73.95343000000001">
    <ele>8.450000000000001</ele>
   </trkpt>
   <trkpt lat="40.63493947584489" lon="-73.95326311829214">
    <ele>8.110000000000001</ele>
   </trkpt>
   <trkpt lat="40.63405895144956" lon="-73.95309624098599">
    <ele>7.99</ele>
   </trkpt>
   <trkpt lat="40.63317842681404" lon="-73.95292936808126">
    <ele>8.34</ele>
   </trkpt>
   <trkpt lat="40.63229790193835" lon="-73.95276249957776">
    <ele>8.990000000000002</ele>
   </trkpt>
   <trkpt lat="40.631417376822476" lon="-73.95259563547518">
    <ele>9.45</ele>
   </trkpt>
   <trkpt lat="40.630536851466445" lon="-73.95242877577331">
    <ele>11.02</ele>
   </trkpt>
   <trkpt lat="40.62965632587028" lon="-73.9522619204719">
    <ele>10.900000000000002</ele>
   </trkpt>
   <trkpt lat="40.62877580003398" lon="-73.95209506957069">
    <ele>10.75</ele>
   </trkpt>
   <trkpt lat="40.62789527395757" lon="-73.9519282230694">
    <ele>9.97</ele>
   </trkpt>
   <trkpt lat="40.627014747641056" lon="-73.95176138096781">
    <ele>9.7</ele>
   </trkpt>
   <trkpt lat="40.626134221084456" lon="-73.95159454326567">
    <ele>9.57</ele>
   </trkpt>
   <trkpt lat="40.625253694287785" lon="-73.95142770996272">
    <ele>9.4</ele>
   </trkpt>
   <trkpt lat="40.62437316725105" lon="-73.95126088105869">
    <ele>9.370000000000001</ele>
   </trkpt>
   <trkpt lat="40.62349263997428" lon="-73.95109405655334">
    <ele>9.38</ele>
   </trkpt>
   <trkpt lat="40.62261211245748" lon="-73.95092723644645">
    <ele>9.01</ele>
   </trkpt>
   <trkpt lat="40.621731584700655" lon="-73.95076042073774">
    <ele>9.35</ele>
   </trkpt>
   <trkpt lat="40.620851056703835" lon="-73.95059360942695">
    <ele>9.02</ele>
   </trkpt>
   <trkpt lat="40.61997052846701" lon="-73.95042680251385">
    <ele>8.67</ele>
   </trkpt>
   <trkpt lat="40.61909" lon="-73.95026">
    <ele>8.93</ele>
   </trkpt>
   <trkpt lat="40.6183166668441" lon="-73.95011666334828">
    <ele>8.530000000000001</ele>
   </trkpt>
   <trkpt lat="40.617543333511016" lon="-73.94997333001506">
    <ele>8.120000000000001</ele>
   </trkpt>
   <trkpt lat="40.61677" lon="-73.94983">
    <ele>8.49</ele>
   </trkpt>
   <trkpt lat="40.61588250038561" lon="-73.9496599932276">
    <ele>7.840000000000002</ele>
   </trkpt>
   <trkpt lat="40.61499500052195" lon="-73.94948999097178">
    <ele>7.390000000000001</ele>
   </trkpt>
   <trkpt lat="40.61410750040902" lon="-73.94931999323234">
    <ele>7.44</ele>
   </trkpt>
   <trkpt lat="40.613220000000005" lon="-73.94915">
    <ele>6.790000000000001</ele>
   </trkpt>
   <trkpt lat="40.61242750066493" lon="-73.94900123765017">
    <ele>6.620000000000001</ele>
   </trkpt>
   <trkpt lat="40.611635001138986" lon="-73.94885247882904">
    <ele>6.410000000000001</ele>
   </trkpt>
   <trkpt lat="40.6108425014222" lon="-73.94870372353648">
    <ele>6.010000000000001</ele>
   </trkpt>
   <trkpt lat="40.610050001514566" lon="-73.94855497177228">
    <ele>6.37</ele>
   </trkpt>
   <trkpt lat="40.609257501416124" lon="-73.94840622353625">
    <ele>6.11</ele>
   </trkpt>
   <trkpt lat="40.60846500112686" lon="-73.94825747882824">
    <ele>5.280000000000001</ele>
   </trkpt>
   <trkpt lat="40.60767250064677" lon="-73.94810873764806">
    <ele>5.03</ele>
   </trkpt>
   <trkpt lat="40.606880000000004" lon="-73.94796000000001">
    <ele>5.220000000000001</ele>
   </trkpt>
   <trkpt lat="40.606002224259825" lon="-73.94779329612497">
    <ele>4.760000000000001</ele>
   </trkpt>
   <trkpt lat="40.60512444828" lon="-73.94762659662871">
    <ele>4.6000000000000005</ele>
   </trkpt>
   <trkpt lat="40.60424667206051" lon="-73.94745990151102">
    <ele>4.38</ele>
   </trkpt>
   <trkpt lat="40.60336889560139" lon="-73.94729321077168">
    <ele>4.34</ele>
   </trkpt>
   <trkpt lat="40.602491118902655" lon="-73.94712652441036">
    <ele>5.0600000000000005</ele>
   </trkpt>
   <trkpt lat="40.60161334196431" lon="-73.94695984242688">
    <ele>4.9799999999999995</ele>
   </trkpt>
   <trkpt lat="40.60073556478637" lon="-73.94679316482096">
    <ele>4.59</ele>
   </trkpt>
   <trkpt lat="40.59985778736885" lon="-73.94662649159234">
    <ele>4.85</ele>
   </trkpt>
   <trkpt lat="40.59898000971177" lon="-73.9464598227408">
    <ele>4.99</ele>
   </trkpt>
   <trkpt lat="40.59810223181513" lon="-73.94629315826609">
    <ele>4.95</ele>
   </trkpt>
   <trkpt lat="40.59722445367896" lon="-73.94612649816793">
    <ele>4.68</ele>
   </trkpt>
   <trkpt lat="40.59634667530326" lon="-73.94595984244609">
    <ele>4.630000000000001</ele>
   </trkpt>
   <trkpt lat="40.59546889668805" lon="-73.94579319110032">
    <ele>4.91</ele>
   </trkpt>
   <trkpt lat="40.594591117833346" lon="-73.94562654413036">
    <ele>4.64</ele>
   </trkpt>
   <trkpt lat="40.59371333873915" lon="-73.94545990153598">
    <ele>4.61</ele>
   </trkpt>
   <trkpt lat="40.59283555940549" lon="-73.94529326331694">
    <ele>4.3100000000000005</ele>
   </trkpt>
   <trkpt lat="40.59195777983237" lon="-73.94512662947295">
    <ele>4.260000000000001</ele>
   </trkpt>
   <trkpt lat="40.591080000000005" lon="-73.94496000000001">
    <ele>4.220000000000001</ele>
   </trkpt>
   <trkpt lat="40.59040000011484" lon="-73.94483666415539">
    <ele>3.98</ele>
   </trkpt>
   <trkpt lat="40.58972000009851" lon="-73.94471333081914">
    <ele>3.5900000000000003</ele>
   </trkpt>
   <trkpt lat="40.589040000000004" lon="-73.94459">
    <ele>3.73</ele>
   </trkpt>
   <trkpt lat="40.588364999939174" lon="-73.94445499860952">
    <ele>3.8800000000000003</ele>
   </trkpt>
   <trkpt lat="40.58769" lon="-73.94432">
    <ele>3.5500000000000003</ele>
   </trkpt>
   <trkpt lat="40.586896000373166" lon="-73.944169992874">
    <ele>3.4200000000000004</ele>
   </trkpt>
   <trkpt lat="40.5861020005523" lon="-73.94401998930978">
    <ele>3.5100000000000002</ele>
   </trkpt>
   <trkpt lat="40.5853080005374" lon="-73.94386998930716">
    <ele>3.47</ele>
   </trkpt>
   <trkpt lat="40.58451400032848" lon="-73.94371999286594">
    <ele>3.25</ele>
   </trkpt>
   <trkpt lat="40.58372000000001" lon="-73.94357000000001">
    <ele>2.89</ele>
   </trkpt>
   <trkpt lat="40.58359" lon="-73.94356">
    <ele>2.89</ele>
   </trkpt>
   <trkpt lat="40.58364" lon="-73.94258">
    <ele>2.2600000000000002</ele>
   </trkpt>
   <trkpt lat="40.583740000000006" lon="-73.94147000000001">
    <ele>2.45</ele>
   </trkpt>
   <trkpt lat="40.58378002155705" lon="-73.9403520026616">
    <ele>2.5700000000000003</ele>
   </trkpt>
   <trkpt lat="40.58382003233583" lon="-73.93923400398549">
    <ele>2.5300000000000002</ele>
   </trkpt>
   <trkpt lat="40.58386003233633" lon="-73.93811600397197">
    <ele>2.71</ele>
   </trkpt>
   <trkpt lat="40.5839000215585" lon="-73.93699800262146">
    <ele>2.34</ele>
   </trkpt>
   <trkpt lat="40.583940000000005" lon="-73.93588000000001">
    <ele>2.24</ele>
   </trkpt>
   <trkpt lat="40.58399" lon="-73.93471000000001">
    <ele>2.19</ele>
   </trkpt>
   <trkpt lat="40.58401500245906" lon="-73.93395500024124">
    <ele>2.15</ele>
   </trkpt>
   <trkpt lat="40.58404" lon="-73.9332">
    <ele>2.2600000000000002</ele>
   </trkpt>
   <trkpt lat="40.58417" lon="-73.93206">
    <ele>2.6</ele>
   </trkpt>
   <trkpt lat="40.58402" lon="-73.93203000000001">
    <ele>2.6100000000000003</ele>
   </trkpt>
   <trkpt lat="40.584070000000004" lon="-73.93167000000001">
    <ele>2.2700000000000005</ele>
   </trkpt>
   <trkpt lat="40.58409" lon="-73.93129">
    <ele>2.22</ele>
   </trkpt>
   <trkpt lat="40.58411000364849" lon="-73.9303700003139">
    <ele>1.8800000000000001</ele>
   </trkpt>
   <trkpt lat="40.58413" lon="-73.92945">
    <ele>2.1300000000000003</ele>
   </trkpt>
   <trkpt lat="40.58410000440254" lon="-73.92843999969135">
    <ele>2.2700000000000005</ele>
   </trkpt>
   <trkpt lat="40.584070000000004" lon="-73.92743">
    <ele>2.25</ele>
   </trkpt>
   <trkpt lat="40.58401500157588" lon="-73.92682999976526">
    <ele>2.21</ele>
   </trkpt>
   <trkpt lat="40.583960000000005" lon="-73.92623">
    <ele>2.4899999999999998</ele>
   </trkpt>
   <trkpt lat="40.583835003166804" lon="-73.92537499850422">
    <ele>2.6</ele>
   </trkpt>
   <trkpt lat="40.58371" lon="-73.92452">
    <ele>2.6100000000000003</ele>
   </trkpt>
   <trkpt lat="40.58363000380519" lon="-73.92357999882266">
    <ele>2.6300000000000003</ele>
   </trkpt>
   <trkpt lat="40.58355" lon="-73.92264">
    <ele>2.66</ele>
   </trkpt>
   <trkpt lat="40.583380000000005" lon="-73.92206">
    <ele>2.2800000000000002</ele>
   </trkpt>
   <trkpt lat="40.58337" lon="-73.92103">
    <ele>2.33</ele>
   </trkpt>
   <trkpt lat="40.583405002346964" lon="-73.92029000068462">
    <ele>2.0700000000000003</ele>
   </trkpt>
   <trkpt lat="40.58344" lon="-73.91955">
    <ele>2.3000000000000003</ele>
   </trkpt>
   <trkpt lat="40.583490000000005" lon="-73.91936000000001">
    <ele>2.31</ele>
   </trkpt>
   <trkpt lat="40.583690000000004" lon="-73.91887000000001">
    <ele>2.1100000000000003</ele>
   </trkpt>
   <trkpt lat="40.58381000363093" lon="-73.91795500148021">
    <ele>2.2900000000000005</ele>
   </trkpt>
   <trkpt lat="40.58393" lon="-73.91704">
    <ele>2.73</ele>
   </trkpt>
   <trkpt lat="40.58402" lon="-73.91656">
    <ele>3.62</ele>
   </trkpt>
   <trkpt lat="40.58422" lon="-73.91578000000001">
    <ele>5.34</ele>
   </trkpt>
   <trkpt lat="40.584450000000004" lon="-73.91511000000001">
    <ele>7.34</ele>
   </trkpt>
   <trkpt lat="40.584700000000005" lon="-73.91453">
    <ele>9.330000000000002</ele>
   </trkpt>
   <trkpt lat="40.585150000000006" lon="-73.91369">
    <ele>10.620000000000001</ele>
   </trkpt>
   <trkpt lat="40.585510000000006" lon="-73.91314000000001">
    <ele>12.25</ele>
   </trkpt>
   <trkpt lat="40.5859950036094" lon="-73.91222500663605">
    <ele>12.8</ele>
   </trkpt>
   <trkpt lat="40.58648" lon="-73.91131">
    <ele>12.010000000000002</ele>
   </trkpt>
   <trkpt lat="40.586580000000005" lon="-73.91092">
    <ele>10.440000000000001</ele>
   </trkpt>
   <trkpt lat="40.58691" lon="-73.91028">
    <ele>8.67</ele>
   </trkpt>
   <trkpt lat="40.58728" lon="-73.90974">
    <ele>6.95</ele>
   </trkpt>
   <trkpt lat="40.587610000000005" lon="-73.90939">
    <ele>6.32</ele>
   </trkpt>
   <trkpt lat="40.58811" lon="-73.90893000000001">
    <ele>4.79</ele>
   </trkpt>
   <trkpt lat="40.58860000047701" lon="-73.9085950024593">
    <ele>3.91</ele>
   </trkpt>
   <trkpt lat="40.589090000000006" lon="-73.90826000000001">
    <ele>2.45</ele>
   </trkpt>
   <trkpt lat="40.58979" lon="-73.90791">
    <ele>1.4900000000000002</ele>
   </trkpt>
   <trkpt lat="40.590390000000006" lon="-73.90773">
    <ele>1.1900000000000002</ele>
   </trkpt>
   <trkpt lat="40.59122" lon="-73.90764">
    <ele>1.56</ele>
   </trkpt>
   <trkpt lat="40.59197" lon="-73.90764">
    <ele>1.7400000000000002</ele>
   </trkpt>
   <trkpt lat="40.592180000000006" lon="-73.90768">
    <ele>1.75</ele>
   </trkpt>
   <trkpt lat="40.592735000138006" lon="-73.90783499872308">
    <ele>1.9200000000000002</ele>
   </trkpt>
   <trkpt lat="40.59329" lon="-73.90799000000001">
    <ele>1.7100000000000002</ele>
   </trkpt>
   <trkpt lat="40.593410000000006" lon="-73.90796">
    <ele>1.6300000000000001</ele>
   </trkpt>
   <trkpt lat="40.59366" lon="-73.90787">
    <ele>1.61</ele>
   </trkpt>
   <trkpt lat="40.59375" lon="-73.90782">
    <ele>1.61</ele>
   </trkpt>
   <trkpt lat="40.59391" lon="-73.90764">
    <ele>1.56</ele>
   </trkpt>
   <trkpt lat="40.594030000000004" lon="-73.90742">
    <ele>1.62</ele>
   </trkpt>
   <trkpt lat="40.594080000000005" lon="-73.90728">
    <ele>1.8200000000000003</ele>
   </trkpt>
   <trkpt lat="40.59414" lon="-73.90705000000001">
    <ele>1.8200000000000003</ele>
   </trkpt>
   <trkpt lat="40.59414" lon="-73.90687000000001">
    <ele>1.86</ele>
   </trkpt>
   <trkpt lat="40.59413" lon="-73.90669000000001">
    <ele>1.86</ele>
   </trkpt>
   <trkpt lat="40.594060000000006" lon="-73.9063">
    <ele>2.0900000000000003</ele>
   </trkpt>
   <trkpt lat="40.594060000000006" lon="-73.90606000000001">
    <ele>2.31</ele>
   </trkpt>
   <trkpt lat="40.59405" lon="-73.90572">
    <ele>2.7600000000000002</ele>
   </trkpt>
   <trkpt lat="40.59402" lon="-73.90559">
    <ele>3.22</ele>
   </trkpt>
   <trkpt lat="40.59386000000001" lon="-73.90523">
    <ele>3.5</ele>
   </trkpt>
   <trkpt lat="40.593680000000006" lon="-73.90503000000001">
    <ele>3.7600000000000002</ele>
   </trkpt>
   <trkpt lat="40.593560000000004" lon="-73.90482">
    <ele>3.86</ele>
   </trkpt>
   <trkpt lat="40.59342" lon="-73.90465">
    <ele>4.0600000000000005</ele>
   </trkpt>
   <trkpt lat="40.59357000000001" lon="-73.90444000000001">
    <ele>4.03</ele>
   </trkpt>
   <trkpt lat="40.59367" lon="-73.90434">
    <ele>4.03</ele>
   </trkpt>
   <trkpt lat="40.593900000000005" lon="-73.90477">
    <ele>4.12</ele>
   </trkpt>
   <trkpt lat="40.59398" lon="-73.90487">
    <ele>4.12</ele>
   </trkpt>
   <trkpt lat="40.59405" lon="-73.90495">
    <ele>4.12</ele>
   </trkpt>
   <trkpt lat="40.59432" lon="-73.90513">
    <ele>3.75</ele>
   </trkpt>
   <trkpt lat="40.594500000000004" lon="-73.90514">
    <ele>3.6500000000000004</ele>
   </trkpt>
   <trkpt lat="40.594820000000006" lon="-73.90513">
    <ele>3.3800000000000003</ele>
   </trkpt>
   <trkpt lat="40.594950000000004" lon="-73.90517000000001">
    <ele>3.06</ele>
   </trkpt>
   <trkpt lat="40.59559" lon="-73.90549">
    <ele>2.5</ele>
   </trkpt>
   <trkpt lat="40.596090000000004" lon="-73.90567">
    <ele>1.99</ele>
   </trkpt>
   <trkpt lat="40.5964" lon="-73.90571">
    <ele>1.9600000000000004</ele>
   </trkpt>
   <trkpt lat="40.596900000000005" lon="-73.90576">
    <ele>2.06</ele>
   </trkpt>
   <trkpt lat="40.5973799999133" lon="-73.90571500033204">
    <ele>2.0500000000000003</ele>
   </trkpt>
   <trkpt lat="40.597860000000004" lon="-73.90567">
    <ele>1.98</ele>
   </trkpt>
   <trkpt lat="40.59819" lon="-73.90555">
    <ele>1.6900000000000002</ele>
   </trkpt>
   <trkpt lat="40.5985" lon="-73.90539000000001">
    <ele>1.37</ele>
   </trkpt>
   <trkpt lat="40.59872" lon="-73.90518">
    <ele>1.24</ele>
   </trkpt>
   <trkpt lat="40.59883000000001" lon="-73.905">
    <ele>1.25</ele>
   </trkpt>
   <trkpt lat="40.59908" lon="-73.90451">
    <ele>1.59</ele>
   </trkpt>
   <trkpt lat="40.59944000252513" lon="-73.90374500411619">
    <ele>2.4000000000000004</ele>
   </trkpt>
   <trkpt lat="40.5998" lon="-73.90298">
    <ele>3.4000000000000004</ele>
   </trkpt>
   <trkpt lat="40.60031" lon="-73.90209">
    <ele>4.430000000000001</ele>
   </trkpt>
   <trkpt lat="40.60049" lon="-73.90182">
    <ele>5.5200000000000005</ele>
   </trkpt>
   <trkpt lat="40.60079" lon="-73.90142">
    <ele>6.920000000000001</ele>
   </trkpt>
   <trkpt lat="40.60125500096998" lon="-73.90093000347747">
    <ele>9.430000000000001</ele>
   </trkpt>
   <trkpt lat="40.60172" lon="-73.90044">
    <ele>11.690000000000001</ele>
   </trkpt>
   <trkpt lat="40.60244" lon="-73.89986">
    <ele>15.240000000000002</ele>
   </trkpt>
   <trkpt lat="40.60298" lon="-73.89951">
    <ele>18.35</ele>
   </trkpt>
   <trkpt lat="40.603260000000006" lon="-73.89936">
    <ele>19.96</ele>
   </trkpt>
   <trkpt lat="40.603550000000006" lon="-73.89922">
    <ele>20.64</ele>
   </trkpt>
   <trkpt lat="40.60428" lon="-73.89892">
    <ele>21.77</ele>
   </trkpt>
   <trkpt lat="40.604690000000005" lon="-73.89882">
    <ele>21.76</ele>
   </trkpt>
   <trkpt lat="40.60529000002219" lon="-73.89871000099299">
    <ele>20.42</ele>
   </trkpt>
   <trkpt lat="40.60589" lon="-73.8986">
    <ele>18.02</ele>
   </trkpt>
   <trkpt lat="40.606340000030336" lon="-73.89853500043591">
    <ele>16.450000000000003</ele>
   </trkpt>
   <trkpt lat="40.606790000000004" lon="-73.89847">
    <ele>13.950000000000001</ele>
   </trkpt>
   <trkpt lat="40.607220000000005" lon="-73.89838">
    <ele>12.0</ele>
   </trkpt>
   <trkpt lat="40.607729999914135" lon="-73.89824000111517">
    <ele>9.73</ele>
   </trkpt>
   <trkpt lat="40.60824" lon="-73.8981">
    <ele>6.57</ele>
   </trkpt>
   <trkpt lat="40.608830000000005" lon="-73.89778000000001">
    <ele>4.29</ele>
   </trkpt>
   <trkpt lat="40.609460000000006" lon="-73.89726">
    <ele>2.21</ele>
   </trkpt>
   <trkpt lat="40.60954" lon="-73.89717">
    <ele>2.23</ele>
   </trkpt>
   <trkpt lat="40.609590000000004" lon="-73.89708">
    <ele>2.32</ele>
   </trkpt>
   <trkpt lat="40.60971000000001" lon="-73.89703">
    <ele>2.31</ele>
   </trkpt>
   <trkpt lat="40.6098" lon="-73.89716">
    <ele>2.41</ele>
   </trkpt>
   <trkpt lat="40.610110000000006" lon="-73.89721">
    <ele>3.6300000000000003</ele>
   </trkpt>
   <trkpt lat="40.61091666677812" lon="-73.89710666915904">
    <ele>4.29</ele>
   </trkpt>
   <trkpt lat="40.61172333346415" lon="-73.89700333582327">
    <ele>3.8200000000000003</ele>
   </trkpt>
   <trkpt lat="40.61253000000001" lon="-73.8969">
    <ele>3.41</ele>
   </trkpt>
   <trkpt lat="40.613206666647436" lon="-73.89689666673429">
    <ele>2.5100000000000002</ele>
   </trkpt>
   <trkpt lat="40.613883333294766" lon="-73.89689333340104">
    <ele>1.77</ele>
   </trkpt>
   <trkpt lat="40.614560000000004" lon="-73.89689">
    <ele>1.67</ele>
   </trkpt>
   <trkpt lat="40.61538000011301" lon="-73.89691499969653">
    <ele>1.6400000000000001</ele>
   </trkpt>
   <trkpt lat="40.616200000000006" lon="-73.89694">
    <ele>1.87</ele>
   </trkpt>
   <trkpt lat="40.61697" lon="-73.89694">
    <ele>1.81</ele>
   </trkpt>
   <trkpt lat="40.61748000011712" lon="-73.89698499966605">
    <ele>1.99</ele>
   </trkpt>
   <trkpt lat="40.617990000000006" lon="-73.89703">
    <ele>2.7700000000000005</ele>
   </trkpt>
   <trkpt lat="40.61845" lon="-73.89702000000001">
    <ele>3.47</ele>
   </trkpt>
   <trkpt lat="40.61906000004812" lon="-73.8969350007738">
    <ele>5.430000000000001</ele>
   </trkpt>
   <trkpt lat="40.619670000000006" lon="-73.89685">
    <ele>8.06</ele>
   </trkpt>
   <trkpt lat="40.62022" lon="-73.89668">
    <ele>9.27</ele>
   </trkpt>
   <trkpt lat="40.62037" lon="-73.89669">
    <ele>9.27</ele>
   </trkpt>
   <trkpt lat="40.62088000014951" lon="-73.89653000120931">
    <ele>10.700000000000001</ele>
   </trkpt>
   <trkpt lat="40.621390000000005" lon="-73.89637">
    <ele>11.47</ele>
   </trkpt>
   <trkpt lat="40.62181" lon="-73.89618">
    <ele>11.750000000000002</ele>
   </trkpt>
   <trkpt lat="40.62252" lon="-73.89582">
    <ele>11.57</ele>
   </trkpt>
   <trkpt lat="40.62333" lon="-73.89533">
    <ele>9.97</ele>
   </trkpt>
   <trkpt lat="40.623670000000004" lon="-73.8951">
    <ele>8.790000000000001</ele>
   </trkpt>
   <trkpt lat="40.624210000000005" lon="-73.89462">
    <ele>6.37</ele>
   </trkpt>
   <trkpt lat="40.62463" lon="-73.89425">
    <ele>5.15</ele>
   </trkpt>
   <trkpt lat="40.62501" lon="-73.89385">
    <ele>4.13</ele>
   </trkpt>
   <trkpt lat="40.625280000000004" lon="-73.89346">
    <ele>3.0100000000000002</ele>
   </trkpt>
   <trkpt lat="40.62538" lon="-73.89328">
    <ele>3.0100000000000002</ele>
   </trkpt>
   <trkpt lat="40.62577" lon="-73.89224">
    <ele>1.35</ele>
   </trkpt>
   <trkpt lat="40.625840000000004" lon="-73.89211">
    <ele>1.24</ele>
   </trkpt>
   <trkpt lat="40.62594" lon="-73.89201">
    <ele>1.17</ele>
   </trkpt>
   <trkpt lat="40.62626" lon="-73.89174000000001">
    <ele>1.1900000000000002</ele>
   </trkpt>
   <trkpt lat="40.62639" lon="-73.89160000000001">
    <ele>1.1900000000000002</ele>
   </trkpt>
   <trkpt lat="40.62651" lon="-73.89143">
    <ele>1.1900000000000002</ele>
   </trkpt>
   <trkpt lat="40.62686000111049" lon="-73.89089500299316">
    <ele>1.3800000000000001</ele>
   </trkpt>
   <trkpt lat="40.627210000000005" lon="-73.89036">
    <ele>1.54</ele>
   </trkpt>
   <trkpt lat="40.62756" lon="-73.89004">
    <ele>1.81</ele>
   </trkpt>
   <trkpt lat="40.62765" lon="-73.88991">
    <ele>1.87</ele>
   </trkpt>
   <trkpt lat="40.628170002714896" lon="-73.88910500639172">
    <ele>1.78</ele>
   </trkpt>
   <trkpt lat="40.628690000000006" lon="-73.8883">
    <ele>2.56</ele>
   </trkpt>
   <trkpt lat="40.628980000000006" lon="-73.88777">
    <ele>3.0300000000000002</ele>
   </trkpt>
   <trkpt lat="40.6291" lon="-73.88745">
    <ele>3.0500000000000003</ele>
   </trkpt>
   <trkpt lat="40.62917" lon="-73.88708000000001">
    <ele>2.9600000000000004</ele>
   </trkpt>
   <trkpt lat="40.629200000000004" lon="-73.88669">
    <ele>2.58</ele>
   </trkpt>
   <trkpt lat="40.62921" lon="-73.88625">
    <ele>2.5</ele>
   </trkpt>
   <trkpt lat="40.62917" lon="-73.88579">
    <ele>2.45</ele>
   </trkpt>
   <trkpt lat="40.629180000000005" lon="-73.88541000000001">
    <ele>2.4400000000000004</ele>
   </trkpt>
   <trkpt lat="40.62923000000001" lon="-73.88508">
    <ele>2.4899999999999998</ele>
   </trkpt>
   <trkpt lat="40.62932" lon="-73.88482">
    <ele>2.6400000000000006</ele>
   </trkpt>
   <trkpt lat="40.629400000000004" lon="-73.88469">
    <ele>2.54</ele>
   </trkpt>
   <trkpt lat="40.629650000000005" lon="-73.88449">
    <ele>2.54</ele>
   </trkpt>
   <trkpt lat="40.629830000000005" lon="-73.88441">
    <ele>2.5</ele>
   </trkpt>
   <trkpt lat="40.630250000000004" lon="-73.88434000000001">
    <ele>2.5700000000000003</ele>
   </trkpt>
   <trkpt lat="40.63054" lon="-73.88431">
    <ele>2.5300000000000002</ele>
   </trkpt>
   <trkpt lat="40.63091" lon="-73.88422">
    <ele>2.6400000000000006</ele>
   </trkpt>
   <trkpt lat="40.63118" lon="-73.88409">
    <ele>3.2900000000000005</ele>
   </trkpt>
   <trkpt lat="40.63148" lon="-73.88387">
    <ele>3.2800000000000002</ele>
   </trkpt>
   <trkpt lat="40.631690000000006" lon="-73.88364">
    <ele>3.0900000000000003</ele>
   </trkpt>
   <trkpt lat="40.63196000000001" lon="-73.88332000000001">
    <ele>2.2900000000000005</ele>
   </trkpt>
   <trkpt lat="40.632270000000005" lon="-73.88279">
    <ele>2.0</ele>
   </trkpt>
   <trkpt lat="40.63252000000001" lon="-73.88253">
    <ele>1.51</ele>
   </trkpt>
   <trkpt lat="40.6332" lon="-73.88203">
    <ele>2.06</ele>
   </trkpt>
   <trkpt lat="40.63360500047555" lon="-73.88164500249094">
    <ele>2.2800000000000002</ele>
   </trkpt>
   <trkpt lat="40.63401" lon="-73.88126000000001">
    <ele>2.56</ele>
   </trkpt>
   <trkpt lat="40.634460000000004" lon="-73.88086000000001">
    <ele>2.6300000000000003</ele>
   </trkpt>
   <trkpt lat="40.63515" lon="-73.88032000000001">
    <ele>2.9600000000000004</ele>
   </trkpt>
   <trkpt lat="40.635630000000006" lon="-73.87997">
    <ele>3.08</ele>
   </trkpt>
   <trkpt lat="40.63616500070269" lon="-73.87961500273914">
    <ele>3.56</ele>
   </trkpt>
   <trkpt lat="40.636700000000005" lon="-73.87926">
    <ele>4.880000000000001</ele>
   </trkpt>
   <trkpt lat="40.637040000000006" lon="-73.87908">
    <ele>5.430000000000001</ele>
   </trkpt>
   <trkpt lat="40.63753500041409" lon="-73.87884500165895">
    <ele>7.44</ele>
   </trkpt>
   <trkpt lat="40.63803" lon="-73.87861000000001">
    <ele>7.9300000000000015</ele>
   </trkpt>
   <trkpt lat="40.6385600003886" lon="-73.87834500206104">
    <ele>7.86</ele>
   </trkpt>
   <trkpt lat="40.63909" lon="-73.87808000000001">
    <ele>7.57</ele>
   </trkpt>
   <trkpt lat="40.63973" lon="-73.87773">
    <ele>6.08</ele>
   </trkpt>
   <trkpt lat="40.640323334028714" lon="-73.8774466717021">
    <ele>4.2</ele>
   </trkpt>
   <trkpt lat="40.64091666736499" lon="-73.87716333836744">
    <ele>1.9000000000000001</ele>
   </trkpt>
   <trkpt lat="40.641510000000004" lon="-73.87688">
    <ele>1.77</ele>
   </trkpt>
   <trkpt lat="40.64197" lon="-73.87656000000001">
    <ele>1.53</ele>
   </trkpt>
   <trkpt lat="40.64233500084868" lon="-73.87618500180183">
    <ele>1.99</ele>
   </trkpt>
   <trkpt lat="40.642700000000005" lon="-73.87581">
    <ele>4.840000000000001</ele>
   </trkpt>
   <trkpt lat="40.64303" lon="-73.87559">
    <ele>5.64</ele>
   </trkpt>
   <trkpt lat="40.643100000000004" lon="-73.87556000000001">
    <ele>5.7</ele>
   </trkpt>
   <trkpt lat="40.64321" lon="-73.87554">
    <ele>5.3100000000000005</ele>
   </trkpt>
   <trkpt lat="40.643370000000004" lon="-73.87558">
    <ele>4.78</ele>
   </trkpt>
   <trkpt lat="40.643510000000006" lon="-73.87554">
    <ele>4.3500000000000005</ele>
   </trkpt>
   <trkpt lat="40.64367" lon="-73.87544000000001">
    <ele>3.17</ele>
   </trkpt>
   <trkpt lat="40.64385" lon="-73.87536">
    <ele>2.15</ele>
   </trkpt>
   <trkpt lat="40.64419" lon="-73.87532">
    <ele>1.5</ele>
   </trkpt>
   <trkpt lat="40.64466500042692" lon="-73.87498000247103">
    <ele>2.1300000000000003</ele>
   </trkpt>
   <trkpt lat="40.645140000000005" lon="-73.87464">
    <ele>3.7600000000000002</ele>
   </trkpt>
   <trkpt lat="40.645500000000006" lon="-73.87435">
    <ele>4.540000000000001</ele>
   </trkpt>
   <trkpt lat="40.645770000000006" lon="-73.8742">
    <ele>5.29</ele>
   </trkpt>
   <trkpt lat="40.64607" lon="-73.87398">
    <ele>6.450000000000001</ele>
   </trkpt>
   <trkpt lat="40.64645" lon="-73.87366">
    <ele>7.010000000000001</ele>
   </trkpt>
   <trkpt lat="40.646840000000005" lon="-73.87324000000001">
    <ele>6.750000000000001</ele>
   </trkpt>
   <trkpt lat="40.64733500168801" lon="-73.87262500449117">
    <ele>5.050000000000001</ele>
   </trkpt>
   <trkpt lat="40.647830000000006" lon="-73.87201">
    <ele>2.83</ele>
   </trkpt>
   <trkpt lat="40.64833" lon="-73.87137000000001">
    <ele>1.78</ele>
   </trkpt>
   <trkpt lat="40.648735001677736" lon="-73.87074500380402">
    <ele>1.28</ele>
   </trkpt>
   <trkpt lat="40.64914" lon="-73.87012">
    <ele>1.07</ele>
   </trkpt>
   <trkpt lat="40.64963500332974" lon="-73.86924500644197">
    <ele>0.76</ele>
   </trkpt>
   <trkpt lat="40.650130000000004" lon="-73.86837000000001">
    <ele>1.18</ele>
   </trkpt>
   <trkpt lat="40.65053" lon="-73.86748">
    <ele>1.1</ele>
   </trkpt>
   <trkpt lat="40.650850000000005" lon="-73.86671000000001">
    <ele>1.6300000000000001</ele>
   </trkpt>
   <trkpt lat="40.65111" lon="-73.86591">
    <ele>5.25</ele>
   </trkpt>
   <trkpt lat="40.65129" lon="-73.86553">
    <ele>7.34</ele>
   </trkpt>
   <trkpt lat="40.65155" lon="-73.86510000000001">
    <ele>5.7700000000000005</ele>
   </trkpt>
   <trkpt lat="40.65194000100595" lon="-73.86458500319235">
    <ele>3.17</ele>
   </trkpt>
   <trkpt lat="40.652330000000006" lon="-73.86407000000001">
    <ele>1.2100000000000002</ele>
   </trkpt>
   <trkpt lat="40.65284667290785" lon="-73.86322001314964">
    <ele>1.3200000000000003</ele>
   </trkpt>
   <trkpt lat="40.65336333958323" lon="-73.8623700131355">
    <ele>1.3800000000000001</ele>
   </trkpt>
   <trkpt lat="40.65388" lon="-73.86152000000001">
    <ele>2.3000000000000003</ele>
   </trkpt>
   <trkpt lat="40.65424" lon="-73.86095">
    <ele>3.73</ele>
   </trkpt>
   <trkpt lat="40.65464" lon="-73.86042">
    <ele>6.5600000000000005</ele>
   </trkpt>
   <trkpt lat="40.65501500147498" lon="-73.85984500315686">
    <ele>7.790000000000001</ele>
   </trkpt>
   <trkpt lat="40.655390000000004" lon="-73.85927000000001">
    <ele>7.8500000000000005</ele>
   </trkpt>
   <trkpt lat="40.65549" lon="-73.85906">
    <ele>7.25</ele>
   </trkpt>
   <trkpt lat="40.65579500093482" lon="-73.85857500234403">
    <ele>5.21</ele>
   </trkpt>
   <trkpt lat="40.6561" lon="-73.85809">
    <ele>3.8100000000000005</ele>
   </trkpt>
   <trkpt lat="40.656490001268565" lon="-73.85753000339436">
    <ele>2.2</ele>
   </trkpt>
   <trkpt lat="40.65688" lon="-73.85697">
    <ele>1.7400000000000002</ele>
   </trkpt>
   <trkpt lat="40.657380003544745" lon="-73.85633000957894">
    <ele>2.0300000000000002</ele>
   </trkpt>
   <trkpt lat="40.65788000355608" lon="-73.85569000956455">
    <ele>2.0500000000000003</ele>
   </trkpt>
   <trkpt lat="40.65838" lon="-73.85505">
    <ele>2.23</ele>
   </trkpt>
   <trkpt lat="40.65883666933158" lon="-73.85449334096491">
    <ele>1.8900000000000001</ele>
   </trkpt>
   <trkpt lat="40.65929333598999" lon="-73.8539366743084">
    <ele>1.78</ele>
   </trkpt>
   <trkpt lat="40.65975" lon="-73.85338">
    <ele>1.7000000000000002</ele>
   </trkpt>
   <trkpt lat="40.660250000000005" lon="-73.85274000000001">
    <ele>1.81</ele>
   </trkpt>
   <trkpt lat="40.66058000094102" lon="-73.852270002342">
    <ele>1.7400000000000002</ele>
   </trkpt>
   <trkpt lat="40.66091" lon="-73.85180000000001">
    <ele>1.9200000000000002</ele>
   </trkpt>
   <trkpt lat="40.661225001095" lon="-73.851290002452">
    <ele>2.36</ele>
   </trkpt>
   <trkpt lat="40.66154" lon="-73.85078">
    <ele>3.3000000000000003</ele>
   </trkpt>
   <trkpt lat="40.66187" lon="-73.85015">
    <ele>3.43</ele>
   </trkpt>
   <trkpt lat="40.662180000000006" lon="-73.84943000000001">
    <ele>3.37</ele>
   </trkpt>
   <trkpt lat="40.66219" lon="-73.84932">
    <ele>3.18</ele>
   </trkpt>
   <trkpt lat="40.66134889038489" lon="-73.84911220126448">
    <ele>2.97</ele>
   </trkpt>
   <trkpt lat="40.660507780397275" lon="-73.84890440776942">
    <ele>2.84</ele>
   </trkpt>
   <trkpt lat="40.65966667003719" lon="-73.84869661951458">
    <ele>2.69</ele>
   </trkpt>
   <trkpt lat="40.65882555930465" lon="-73.84848883649966">
    <ele>2.6100000000000003</ele>
   </trkpt>
   <trkpt lat="40.65798444819966" lon="-73.84828105872435">
    <ele>2.5</ele>
   </trkpt>
   <trkpt lat="40.65714333672228" lon="-73.84807328618841">
    <ele>2.5500000000000003</ele>
   </trkpt>
   <trkpt lat="40.656302224872476" lon="-73.84786551889152">
    <ele>2.4400000000000004</ele>
   </trkpt>
   <trkpt lat="40.655461112650315" lon="-73.84765775683341">
    <ele>2.73</ele>
   </trkpt>
   <trkpt lat="40.65462" lon="-73.84745000000001">
    <ele>2.62</ele>
   </trkpt>
   <trkpt lat="40.65378333432888" lon="-73.84723665329483">
    <ele>2.69</ele>
   </trkpt>
   <trkpt lat="40.652946668265095" lon="-73.84702331194023">
    <ele>2.58</ele>
   </trkpt>
   <trkpt lat="40.652110001808715" lon="-73.84680997593587">
    <ele>2.4200000000000004</ele>
   </trkpt>
   <trkpt lat="40.65127333495973" lon="-73.84659664528147">
    <ele>2.31</ele>
   </trkpt>
   <trkpt lat="40.65043666771818" lon="-73.84638331997677">
    <ele>2.75</ele>
   </trkpt>
   <trkpt lat="40.64960000000001" lon="-73.84617">
    <ele>2.52</ele>
   </trkpt>
   <trkpt lat="40.648750000293774" lon="-73.84597499754601">
    <ele>2.32</ele>
   </trkpt>
   <trkpt lat="40.6479" lon="-73.84578">
    <ele>2.3800000000000003</ele>
   </trkpt>
   <trkpt lat="40.64805128249793" lon="-73.84474251646219">
    <ele>2.3800000000000003</ele>
   </trkpt>
   <trkpt lat="40.648202555710874" lon="-73.84370502822073">
    <ele>2.0900000000000003</ele>
   </trkpt>
   <trkpt lat="40.64835381963875" lon="-73.84266753527584">
    <ele>2.22</ele>
   </trkpt>
   <trkpt lat="40.64850507428145" lon="-73.8416300376278">
    <ele>2.0900000000000003</ele>
   </trkpt>
   <trkpt lat="40.64865631963888" lon="-73.84059253527681">
    <ele>1.9200000000000002</ele>
   </trkpt>
   <trkpt lat="40.648807555710974" lon="-73.83955502822316">
    <ele>1.97</ele>
   </trkpt>
   <trkpt lat="40.64895878249761" lon="-73.83851751646705">
    <ele>1.9000000000000001</ele>
   </trkpt>
   <trkpt lat="40.64911" lon="-73.83748">
    <ele>1.7300000000000002</ele>
   </trkpt>
   <trkpt lat="40.648317500519866" lon="-73.83727749278299">
    <ele>1.3900000000000001</ele>
   </trkpt>
   <trkpt lat="40.647525000685974" lon="-73.83707499037565">
    <ele>1.6300000000000001</ele>
   </trkpt>
   <trkpt lat="40.64673250049838" lon="-73.83687249277774">
    <ele>3.4200000000000004</ele>
   </trkpt>
   <trkpt lat="40.64594" lon="-73.83667000000001">
    <ele>6.15</ele>
   </trkpt>
   <trkpt lat="40.6454" lon="-73.83649000000001">
    <ele>8.14</ele>
   </trkpt>
   <trkpt lat="40.645050000000005" lon="-73.83632">
    <ele>9.41</ele>
   </trkpt>
   <trkpt lat="40.64422143361676" lon="-73.83587853855104">
    <ele>9.940000000000001</ele>
   </trkpt>
   <trkpt lat="40.64339286555245" lon="-73.83543708806265">
    <ele>8.46</ele>
   </trkpt>
   <trkpt lat="40.642564295807176" lon="-73.83499564853429">
    <ele>7.670000000000001</ele>
   </trkpt>
   <trkpt lat="40.64173572438103" lon="-73.83455421996538">
    <ele>6.82</ele>
   </trkpt>
   <trkpt lat="40.640907151274085" lon="-73.83411280235538">
    <ele>5.630000000000001</ele>
   </trkpt>
   <trkpt lat="40.64007857648645" lon="-73.83367139570367">
    <ele>4.7700000000000005</ele>
   </trkpt>
   <trkpt lat="40.639250000000004" lon="-73.83323">
    <ele>4.3500000000000005</ele>
   </trkpt>
   <trkpt lat="40.63870000049554" lon="-73.83287499704423">
    <ele>3.96</ele>
   </trkpt>
   <trkpt lat="40.63815" lon="-73.83252">
    <ele>3.1400000000000006</ele>
   </trkpt>
   <trkpt lat="40.63777" lon="-73.83223000000001">
    <ele>2.52</ele>
   </trkpt>
   <trkpt lat="40.63725666810643" lon="-73.83181666028301">
    <ele>2.36</ele>
   </trkpt>
   <trkpt lat="40.6367433347392" lon="-73.83140332692246">
    <ele>2.54</ele>
   </trkpt>
   <trkpt lat="40.636230000000005" lon="-73.83099">
    <ele>2.9899999999999998</ele>
   </trkpt>
   <trkpt lat="40.635740000000006" lon="-73.83064">
    <ele>3.3800000000000003</ele>
   </trkpt>
   <trkpt lat="40.63535" lon="-73.83040000000001">
    <ele>3.4400000000000004</ele>
   </trkpt>
   <trkpt lat="40.63468" lon="-73.83002">
    <ele>3.8000000000000003</ele>
   </trkpt>
   <trkpt lat="40.634" lon="-73.82969">
    <ele>4.3100000000000005</ele>
   </trkpt>
   <trkpt lat="40.63351" lon="-73.82948">
    <ele>4.540000000000001</ele>
   </trkpt>
   <trkpt lat="40.632915000380954" lon="-73.82927499824203">
    <ele>5.050000000000001</ele>
   </trkpt>
   <trkpt lat="40.63232" lon="-73.82907">
    <ele>5.21</ele>
   </trkpt>
   <trkpt lat="40.63175500005887" lon="-73.82892999880904">
    <ele>5.010000000000001</ele>
   </trkpt>
   <trkpt lat="40.631190000000004" lon="-73.82879000000001">
    <ele>4.53</ele>
   </trkpt>
   <trkpt lat="40.63034000129757" lon="-73.82854331763038">
    <ele>5.280000000000001</ele>
   </trkpt>
   <trkpt lat="40.62949000207028" lon="-73.82829664154073">
    <ele>5.21</ele>
   </trkpt>
   <trkpt lat="40.62864000231816" lon="-73.82804997173068">
    <ele>4.82</ele>
   </trkpt>
   <trkpt lat="40.627790002041245" lon="-73.8278033081999">
    <ele>5.51</ele>
   </trkpt>
   <trkpt lat="40.62694000123956" lon="-73.82755665094807">
    <ele>5.94</ele>
   </trkpt>
   <trkpt lat="40.626090000000005" lon="-73.82731000000001">
    <ele>5.33</ele>
   </trkpt>
   <trkpt lat="40.625332858345956" lon="-73.82709427104179">
    <ele>5.390000000000001</ele>
   </trkpt>
   <trkpt lat="40.62457571629053" lon="-73.82687854697471">
    <ele>5.6000000000000005</ele>
   </trkpt>
   <trkpt lat="40.623818573833724" lon="-73.82666282779853">
    <ele>5.19</ele>
   </trkpt>
   <trkpt lat="40.62306143097556" lon="-73.82644711351301">
    <ele>5.29</ele>
   </trkpt>
   <trkpt lat="40.62230428771606" lon="-73.82623140411793">
    <ele>5.64</ele>
   </trkpt>
   <trkpt lat="40.62154714405526" lon="-73.82601569961302">
    <ele>5.710000000000001</ele>
   </trkpt>
   <trkpt lat="40.62079000000001" lon="-73.8258">
    <ele>5.85</ele>
   </trkpt>
   <trkpt lat="40.62007000043274" lon="-73.82548499660696">
    <ele>5.91</ele>
   </trkpt>
   <trkpt lat="40.619350000000004" lon="-73.82517">
    <ele>5.99</ele>
   </trkpt>
   <trkpt lat="40.61872000071827" lon="-73.82478999647401">
    <ele>5.78</ele>
   </trkpt>
   <trkpt lat="40.61809" lon="-73.82441">
    <ele>4.760000000000001</ele>
   </trkpt>
   <trkpt lat="40.61739" lon="-73.82388">
    <ele>3.43</ele>
   </trkpt>
   <trkpt lat="40.61677250350372" lon="-73.82335748548812">
    <ele>1.4800000000000002</ele>
   </trkpt>
   <trkpt lat="40.61615500465274" lon="-73.82283498063515">
    <ele>0.8600000000000001</ele>
   </trkpt>
   <trkpt lat="40.61553750344716" lon="-73.82231248544072">
    <ele>0.9500000000000001</ele>
   </trkpt>
   <trkpt lat="40.614920000000005" lon="-73.82179000000001">
    <ele>1.26</ele>
   </trkpt>
   <trkpt lat="40.61449500065522" lon="-73.8213999975186">
    <ele>1.1</ele>
   </trkpt>
   <trkpt lat="40.614070000000005" lon="-73.82101">
    <ele>1.1400000000000001</ele>
   </trkpt>
   <trkpt lat="40.6136150005286" lon="-73.82064999752454">
    <ele>1.11</ele>
   </trkpt>
   <trkpt lat="40.61316" lon="-73.82029">
    <ele>1.1</ele>
   </trkpt>
   <trkpt lat="40.61252" lon="-73.81984">
    <ele>1.1900000000000002</ele>
   </trkpt>
   <trkpt lat="40.61215000000001" lon="-73.81962">
    <ele>1.11</ele>
   </trkpt>
   <trkpt lat="40.611670000000004" lon="-73.8194">
    <ele>1.04</ele>
   </trkpt>
   <trkpt lat="40.611250000000005" lon="-73.81923">
    <ele>1.17</ele>
   </trkpt>
   <trkpt lat="40.610490000000006" lon="-73.81912000000001">
    <ele>1.03</ele>
   </trkpt>
   <trkpt lat="40.61008" lon="-73.81908">
    <ele>0.9600000000000001</ele>
   </trkpt>
   <trkpt lat="40.60987" lon="-73.81912000000001">
    <ele>1.04</ele>
   </trkpt>
   <trkpt lat="40.60962000000001" lon="-73.81913">
    <ele>1.12</ele>
   </trkpt>
   <trkpt lat="40.60875500039536" lon="-73.81926500873648">
    <ele>1.17</ele>
   </trkpt>
   <trkpt lat="40.60789000063353" lon="-73.81940001397794">
    <ele>1.33</ele>
   </trkpt>
   <trkpt lat="40.60702500071451" lon="-73.81953501572463">
    <ele>1.3200000000000003</ele>
   </trkpt>
   <trkpt lat="40.60616000063832" lon="-73.81967001397668">
    <ele>1.31</ele>
   </trkpt>
   <trkpt lat="40.60529500040495" lon="-73.81980500873432">
    <ele>1.31</ele>
   </trkpt>
   <trkpt lat="40.60443" lon="-73.81994">
    <ele>1.28</ele>
   </trkpt>
   <trkpt lat="40.603735000140844" lon="-73.82004250319663">
    <ele>1.26</ele>
   </trkpt>
   <trkpt lat="40.60304000019108" lon="-73.82014500426165">
    <ele>1.31</ele>
   </trkpt>
   <trkpt lat="40.60234500015072" lon="-73.82024750319509">
    <ele>1.29</ele>
   </trkpt>
   <trkpt lat="40.60165000000001" lon="-73.82035">
    <ele>1.4400000000000002</ele>
   </trkpt>
   <trkpt lat="40.600852500201846" lon="-73.82047750456468">
    <ele>1.56</ele>
   </trkpt>
   <trkpt lat="40.600055000263495" lon="-73.82060500608704">
    <ele>1.7200000000000002</ele>
   </trkpt>
   <trkpt lat="40.59925750018495" lon="-73.82073250456723">
    <ele>1.8200000000000003</ele>
   </trkpt>
   <trkpt lat="40.59846" lon="-73.82086000000001">
    <ele>1.8200000000000003</ele>
   </trkpt>
   <trkpt lat="40.598330000000004" lon="-73.82083">
    <ele>1.77</ele>
   </trkpt>
   <trkpt lat="40.59832" lon="-73.82082000000001">
    <ele>1.77</ele>
   </trkpt>
   <trkpt lat="40.59828" lon="-73.82034">
    <ele>1.5700000000000003</ele>
   </trkpt>
   <trkpt lat="40.59823" lon="-73.82024000000001">
    <ele>1.5700000000000003</ele>
   </trkpt>
   <trkpt lat="40.597570000000005" lon="-73.81978000000001">
    <ele>1.4000000000000001</ele>
   </trkpt>
   <trkpt lat="40.597530000000006" lon="-73.81991000000001">
    <ele>1.51</ele>
   </trkpt>
   <trkpt lat="40.59734" lon="-73.82011">
    <ele>1.43</ele>
   </trkpt>
   <trkpt lat="40.59723" lon="-73.8202">
    <ele>1.4500000000000002</ele>
   </trkpt>
   <trkpt lat="40.59684" lon="-73.82073000000001">
    <ele>2.3800000000000003</ele>
   </trkpt>
   <trkpt lat="40.5964" lon="-73.82082000000001">
    <ele>3.2900000000000005</ele>
   </trkpt>
   <trkpt lat="40.5957" lon="-73.82068000000001">
    <ele>6.4</ele>
   </trkpt>
   <trkpt lat="40.595240000000004" lon="-73.82061">
    <ele>7.91</ele>
   </trkpt>
   <trkpt lat="40.59437000106432" lon="-73.82035998698431">
    <ele>11.840000000000002</ele>
   </trkpt>
   <trkpt lat="40.5935000015896" lon="-73.82010998047488">
    <ele>15.01</ele>
   </trkpt>
   <trkpt lat="40.592630001575905" lon="-73.8198599804713">
    <ele>17.92</ele>
   </trkpt>
   <trkpt lat="40.59176000102324" lon="-73.81960998697326">
    <ele>18.500000000000004</ele>
   </trkpt>
   <trkpt lat="40.59089" lon="-73.81936">
    <ele>17.53</ele>
   </trkpt>
   <trkpt lat="40.590120000000006" lon="-73.81908">
    <ele>14.88</ele>
   </trkpt>
   <trkpt lat="40.58973" lon="-73.81886">
    <ele>12.55</ele>
   </trkpt>
   <trkpt lat="40.589110000000005" lon="-73.81840000000001">
    <ele>9.75</ele>
   </trkpt>
   <trkpt lat="40.58858" lon="-73.81784">
    <ele>7.24</ele>
   </trkpt>
   <trkpt lat="40.58881" lon="-73.81743">
    <ele>4.47</ele>
   </trkpt>
   <trkpt lat="40.588770000000004" lon="-73.81739">
    <ele>4.47</ele>
   </trkpt>
   <trkpt lat="40.58863" lon="-73.81766">
    <ele>2.5500000000000003</ele>
   </trkpt>
   <trkpt lat="40.58860000000001" lon="-73.81765">
    <ele>2.5500000000000003</ele>
   </trkpt>
   <trkpt lat="40.58879" lon="-73.81726">
    <ele>1.59</ele>
   </trkpt>
   <trkpt lat="40.588680000000004" lon="-73.81715000000001">
    <ele>1.3900000000000001</ele>
   </trkpt>
   <trkpt lat="40.58865" lon="-73.81704">
    <ele>1.3900000000000001</ele>
   </trkpt>
   <trkpt lat="40.587925001158474" lon="-73.81650999421585">
    <ele>1.1500000000000001</ele>
   </trkpt>
   <trkpt lat="40.5872" lon="-73.81598000000001">
    <ele>1.09</ele>
   </trkpt>
   <trkpt lat="40.586800000000004" lon="-73.81700000000001">
    <ele>1.42</ele>
   </trkpt>
   <trkpt lat="40.58663000000001" lon="-73.81698">
    <ele>1.4800000000000002</ele>
   </trkpt>
   <trkpt lat="40.58595750226813" lon="-73.81655998732218">
    <ele>1.53</ele>
   </trkpt>
   <trkpt lat="40.585285003015045" lon="-73.81613998309079">
    <ele>1.7400000000000002</ele>
   </trkpt>
   <trkpt lat="40.58461250224083" lon="-73.81571998730551">
    <ele>2.0</ele>
   </trkpt>
   <trkpt lat="40.583940000000005" lon="-73.81530000000001">
    <ele>2.4600000000000004</ele>
   </trkpt>
   <trkpt lat="40.58382" lon="-73.81525">
    <ele>2.69</ele>
   </trkpt>
   <trkpt lat="40.583850000000005" lon="-73.81515">
    <ele>2.7900000000000005</ele>
   </trkpt>
   <trkpt lat="40.583800000000004" lon="-73.81512000000001">
    <ele>3.06</ele>
   </trkpt>
   <trkpt lat="40.583780000000004" lon="-73.81511">
    <ele>3.06</ele>
   </trkpt>
   <trkpt lat="40.583670000000005" lon="-73.81524">
    <ele>3.5700000000000003</ele>
   </trkpt>
   <trkpt lat="40.583540000000006" lon="-73.81532">
    <ele>3.8800000000000003</ele>
   </trkpt>
   <trkpt lat="40.58341" lon="-73.81523">
    <ele>3.89</ele>
   </trkpt>
   <trkpt lat="40.583575001722515" lon="-73.81461000128465">
    <ele>3.8400000000000003</ele>
   </trkpt>
   <trkpt lat="40.583740000000006" lon="-73.81399">
    <ele>3.8300000000000005</ele>
   </trkpt>
   <trkpt lat="40.58400001018486" lon="-73.81290334177226">
    <ele>3.7600000000000002</ele>
   </trkpt>
   <trkpt lat="40.58426001018715" lon="-73.81181667509615">
    <ele>3.4400000000000004</ele>
   </trkpt>
   <trkpt lat="40.584520000000005" lon="-73.81073">
    <ele>3.45</ele>
   </trkpt>
   <trkpt lat="40.584520000000005" lon="-73.81076">
    <ele>3.45</ele>
   </trkpt>
   <trkpt lat="40.58426000998385" lon="-73.81183667508795">
    <ele>3.74</ele>
   </trkpt>
   <trkpt lat="40.58400000997153" lon="-73.81291334180548">
    <ele>3.7600000000000002</ele>
   </trkpt>
   <trkpt lat="40.583740000000006" lon="-73.81399">
    <ele>3.8100000000000005</ele>
   </trkpt>
   <trkpt lat="40.58358000149187" lon="-73.81459500177348">
    <ele>3.89</ele>
   </trkpt>
   <trkpt lat="40.583420000000004" lon="-73.8152">
    <ele>3.87</ele>
   </trkpt>
   <trkpt lat="40.58311002094791" lon="-73.81630202041534">
    <ele>3.43</ele>
   </trkpt>
   <trkpt lat="40.58280003142356" lon="-73.81740403061636">
    <ele>3.5500000000000003</ele>
   </trkpt>
   <trkpt lat="40.58249003142716" lon="-73.81850603060295">
    <ele>4.090000000000001</ele>
   </trkpt>
   <trkpt lat="40.58218002095894" lon="-73.81960802037493">
    <ele>4.28</ele>
   </trkpt>
   <trkpt lat="40.58187" lon="-73.82071">
    <ele>4.28</ele>
   </trkpt>
   <trkpt lat="40.5816400068118" lon="-73.82160000619211">
    <ele>4.21</ele>
   </trkpt>
   <trkpt lat="40.58141000679321" lon="-73.82249000626393">
    <ele>4.430000000000001</ele>
   </trkpt>
   <trkpt lat="40.58118" lon="-73.82338">
    <ele>4.6000000000000005</ele>
   </trkpt>
   <trkpt lat="40.58097000250586" lon="-73.82414000232974">
    <ele>4.5200000000000005</ele>
   </trkpt>
   <trkpt lat="40.580760000000005" lon="-73.8249">
    <ele>4.36</ele>
   </trkpt>
   <trkpt lat="40.58046201894334" lon="-73.82594801866765">
    <ele>3.7</ele>
   </trkpt>
   <trkpt lat="40.580164028415744" lon="-73.82699602799835">
    <ele>4.0200000000000005</ele>
   </trkpt>
   <trkpt lat="40.579866028417385" lon="-73.82804402799204">
    <ele>4.34</ele>
   </trkpt>
   <trkpt lat="40.57956801894846" lon="-73.82909201864857">
    <ele>4.46</ele>
   </trkpt>
   <trkpt lat="40.57927" lon="-73.83014">
    <ele>4.51</ele>
   </trkpt>
   <trkpt lat="40.579660000000004" lon="-73.83033">
    <ele>4.51</ele>
   </trkpt>
   <trkpt lat="40.57938000923472" lon="-73.83117501061278">
    <ele>4.66</ele>
   </trkpt>
   <trkpt lat="40.57910001231232" lon="-73.83202001415209">
    <ele>4.83</ele>
   </trkpt>
   <trkpt lat="40.578820009232935" lon="-73.83286501061788">
    <ele>4.81</ele>
   </trkpt>
   <trkpt lat="40.578540000000004" lon="-73.83371000000001">
    <ele>4.5600000000000005</ele>
   </trkpt>
   <trkpt lat="40.57834000166692" lon="-73.83433500192243">
    <ele>3.95</ele>
   </trkpt>
   <trkpt lat="40.578140000000005" lon="-73.83496000000001">
    <ele>3.08</ele>
   </trkpt>
   <trkpt lat="40.57779401794622" lon="-73.83598002109024">
    <ele>2.9800000000000004</ele>
   </trkpt>
   <trkpt lat="40.5774480269209" lon="-73.83700003163014">
    <ele>2.9000000000000004</ele>
   </trkpt>
   <trkpt lat="40.57710202692425" lon="-73.83802003161966">
    <ele>4.07</ele>
   </trkpt>
   <trkpt lat="40.5767560179565" lon="-73.8390400210588">
    <ele>4.78</ele>
   </trkpt>
   <trkpt lat="40.57641" lon="-73.84006000000001">
    <ele>5.3</ele>
   </trkpt>
   <trkpt lat="40.5762" lon="-73.83995">
    <ele>5.3100000000000005</ele>
   </trkpt>
   <trkpt lat="40.57588501132099" lon="-73.84088501316606">
    <ele>4.970000000000001</ele>
   </trkpt>
   <trkpt lat="40.57557001510356" lon="-73.841820017528">
    <ele>4.3500000000000005</ele>
   </trkpt>
   <trkpt lat="40.57525501134789" lon="-73.84275501308578">
    <ele>4.3100000000000005</ele>
   </trkpt>
   <trkpt lat="40.574940000000005" lon="-73.84369000000001">
    <ele>4.33</ele>
   </trkpt>
   <trkpt lat="40.574960000000004" lon="-73.84384">
    <ele>4.1000000000000005</ele>
   </trkpt>
   <trkpt lat="40.574850000000005" lon="-73.84419000000001">
    <ele>3.4000000000000004</ele>
   </trkpt>
   <trkpt lat="40.57488" lon="-73.84431000000001">
    <ele>3.3100000000000005</ele>
   </trkpt>
   <trkpt lat="40.57558000142448" lon="-73.84471665815626">
    <ele>2.0700000000000003</ele>
   </trkpt>
   <trkpt lat="40.57628000142296" lon="-73.84512332482191">
    <ele>1.54</ele>
   </trkpt>
   <trkpt lat="40.576980000000006" lon="-73.84553000000001">
    <ele>1.9500000000000002</ele>
   </trkpt>
   <trkpt lat="40.57696000000001" lon="-73.8456">
    <ele>1.9500000000000002</ele>
   </trkpt>
   <trkpt lat="40.5767" lon="-73.84629000000001">
    <ele>1.86</ele>
   </trkpt>
   <trkpt lat="40.57634" lon="-73.84719000000001">
    <ele>1.6300000000000001</ele>
   </trkpt>
   <trkpt lat="40.57592072996146" lon="-73.84821408984372">
    <ele>1.8300000000000003</ele>
   </trkpt>
   <trkpt lat="40.57550145087979" lon="-73.84923816685216">
    <ele>1.79</ele>
   </trkpt>
   <trkpt lat="40.57508216275523" lon="-73.85026223102541">
    <ele>1.9400000000000002</ele>
   </trkpt>
   <trkpt lat="40.574662865588046" lon="-73.85128628236352">
    <ele>1.9000000000000001</ele>
   </trkpt>
   <trkpt lat="40.574243559378466" lon="-73.85231032086658">
    <ele>1.99</ele>
   </trkpt>
   <trkpt lat="40.573824244126754" lon="-73.85333434653467">
    <ele>1.9000000000000001</ele>
   </trkpt>
   <trkpt lat="40.573404919833166" lon="-73.85435835936785">
    <ele>1.79</ele>
   </trkpt>
   <trkpt lat="40.5729855864979" lon="-73.8553823593662">
    <ele>1.8</ele>
   </trkpt>
   <trkpt lat="40.572566244121255" lon="-73.85640634652981">
    <ele>1.7100000000000002</ele>
   </trkpt>
   <trkpt lat="40.57214689270346" lon="-73.85743032085873">
    <ele>1.87</ele>
   </trkpt>
   <trkpt lat="40.57172753224476" lon="-73.85845428235304">
    <ele>1.8900000000000001</ele>
   </trkpt>
   <trkpt lat="40.571308162745396" lon="-73.8594782310128">
    <ele>1.76</ele>
   </trkpt>
   <trkpt lat="40.57088878420563" lon="-73.86050216683813">
    <ele>1.86</ele>
   </trkpt>
   <trkpt lat="40.570469396625704" lon="-73.86152608982907">
    <ele>1.8200000000000003</ele>
   </trkpt>
   <trkpt lat="40.57005" lon="-73.86255000000001">
    <ele>1.93</ele>
   </trkpt>
   <trkpt lat="40.569655004341676" lon="-73.86355000582557">
    <ele>1.86</ele>
   </trkpt>
   <trkpt lat="40.56926" lon="-73.86455000000001">
    <ele>2.0</ele>
   </trkpt>
   <trkpt lat="40.569120000000005" lon="-73.86497">
    <ele>2.1100000000000003</ele>
   </trkpt>
   <trkpt lat="40.56907" lon="-73.86516">
    <ele>2.1100000000000003</ele>
   </trkpt>
   <trkpt lat="40.56902" lon="-73.86547">
    <ele>2.2800000000000002</ele>
   </trkpt>
   <trkpt lat="40.56879" lon="-73.86535">
    <ele>2.32</ele>
   </trkpt>
   <trkpt lat="40.56870000000001" lon="-73.86539">
    <ele>2.2800000000000002</ele>
   </trkpt>
   <trkpt lat="40.56837" lon="-73.86618">
    <ele>2.37</ele>
   </trkpt>
   <trkpt lat="40.567925000295396" lon="-73.86590999819322">
    <ele>2.0700000000000003</ele>
   </trkpt>
   <trkpt lat="40.56748" lon="-73.86564">
    <ele>2.66</ele>
   </trkpt>
   <trkpt lat="40.56721500281629" lon="-73.86645000324484">
    <ele>2.62</ele>
   </trkpt>
   <trkpt lat="40.566950000000006" lon="-73.86726">
    <ele>2.6100000000000003</ele>
   </trkpt>
   <trkpt lat="40.56667000286483" lon="-73.86807500340609">
    <ele>2.6100000000000003</ele>
   </trkpt>
   <trkpt lat="40.566390000000006" lon="-73.86889000000001">
    <ele>2.62</ele>
   </trkpt>
   <trkpt lat="40.56615" lon="-73.86914">
    <ele>2.41</ele>
   </trkpt>
   <trkpt lat="40.565855003033576" lon="-73.86997000347935">
    <ele>2.5100000000000002</ele>
   </trkpt>
   <trkpt lat="40.565560000000005" lon="-73.8708">
    <ele>2.58</ele>
   </trkpt>
   <trkpt lat="40.56561000000001" lon="-73.87124">
    <ele>2.68</ele>
   </trkpt>
   <trkpt lat="40.56528000422893" lon="-73.87223000487049">
    <ele>2.73</ele>
   </trkpt>
   <trkpt lat="40.56495" lon="-73.87322">
    <ele>3.0900000000000003</ele>
   </trkpt>
   <trkpt lat="40.565160000000006" lon="-73.87348">
    <ele>3.3800000000000003</ele>
   </trkpt>
   <trkpt lat="40.56528" lon="-73.87375">
    <ele>3.4000000000000004</ele>
   </trkpt>
   <trkpt lat="40.565340000000006" lon="-73.87397">
    <ele>3.5300000000000002</ele>
   </trkpt>
   <trkpt lat="40.56541" lon="-73.87437">
    <ele>3.73</ele>
   </trkpt>
   <trkpt lat="40.56542" lon="-73.87482">
    <ele>3.87</ele>
   </trkpt>
   <trkpt lat="40.565400000000004" lon="-73.87526000000001">
    <ele>4.07</ele>
   </trkpt>
   <trkpt lat="40.56535" lon="-73.8755">
    <ele>4.07</ele>
   </trkpt>
   <trkpt lat="40.56517" lon="-73.87635">
    <ele>4.4</ele>
   </trkpt>
   <trkpt lat="40.565000000000005" lon="-73.8769">
    <ele>4.37</ele>
   </trkpt>
   <trkpt lat="40.564730000000004" lon="-73.87751">
    <ele>4.140000000000001</ele>
   </trkpt>
   <trkpt lat="40.564310000000006" lon="-73.87827">
    <ele>3.6500000000000004</ele>
   </trkpt>
   <trkpt lat="40.564040000000006" lon="-73.87858">
    <ele>3.22</ele>
   </trkpt>
   <trkpt lat="40.56372" lon="-73.8789">
    <ele>3.02</ele>
   </trkpt>
   <trkpt lat="40.563480000000006" lon="-73.87903">
    <ele>3.02</ele>
   </trkpt>
   <trkpt lat="40.563250000000004" lon="-73.87908">
    <ele>2.85</ele>
   </trkpt>
   <trkpt lat="40.562960000000004" lon="-73.87907000000001">
    <ele>2.5900000000000003</ele>
   </trkpt>
   <trkpt lat="40.562650000000005" lon="-73.87995000000001">
    <ele>2.6</ele>
   </trkpt>
   <trkpt lat="40.56347000190342" lon="-73.8804199884835">
    <ele>2.12</ele>
   </trkpt>
   <trkpt lat="40.56429000190224" lon="-73.8808899884826">
    <ele>2.14</ele>
   </trkpt>
   <trkpt lat="40.565110000000004" lon="-73.88136">
    <ele>2.0</ele>
   </trkpt>
   <trkpt lat="40.565793334727076" lon="-73.88175999184038">
    <ele>1.8900000000000001</ele>
   </trkpt>
   <trkpt lat="40.56647666807459" lon="-73.88215999184857">
    <ele>1.9500000000000002</ele>
   </trkpt>
   <trkpt lat="40.56716" lon="-73.88256000000001">
    <ele>1.79</ele>
   </trkpt>
   <trkpt lat="40.567420000000006" lon="-73.8827">
    <ele>2.02</ele>
   </trkpt>
   <trkpt lat="40.567510000000006" lon="-73.88273000000001">
    <ele>2.02</ele>
   </trkpt>
   <trkpt lat="40.5675" lon="-73.88284">
    <ele>2.1300000000000003</ele>
   </trkpt>
   <trkpt lat="40.567690000000006" lon="-73.88288">
    <ele>2.19</ele>
   </trkpt>
   <trkpt lat="40.56785" lon="-73.88234">
    <ele>2.9400000000000004</ele>
   </trkpt>
   <trkpt lat="40.56797" lon="-73.88212">
    <ele>3.54</ele>
   </trkpt>
   <trkpt lat="40.568270000000005" lon="-73.88199">
    <ele>5.140000000000001</ele>
   </trkpt>
   <trkpt lat="40.56842" lon="-73.88203">
    <ele>5.630000000000001</ele>
   </trkpt>
   <trkpt lat="40.56859" lon="-73.88211000000001">
    <ele>6.620000000000001</ele>
   </trkpt>
   <trkpt lat="40.569386373609156" lon="-73.88259085186058">
    <ele>10.16</ele>
   </trkpt>
   <trkpt lat="40.57018274522458" lon="-73.88307171516583">
    <ele>13.070000000000002</ele>
   </trkpt>
   <trkpt lat="40.570979114846175" lon="-73.88355258991633">
    <ele>16.39</ele>
   </trkpt>
   <trkpt lat="40.57177548247383" lon="-73.88403347611265">
    <ele>17.68</ele>
   </trkpt>
   <trkpt lat="40.57257184810746" lon="-73.88451437375537">
    <ele>18.430000000000003</ele>
   </trkpt>
   <trkpt lat="40.573368211746946" lon="-73.88499528284501">
    <ele>18.42</ele>
   </trkpt>
   <trkpt lat="40.57416457339218" lon="-73.88547620338218">
    <ele>18.400000000000002</ele>
   </trkpt>
   <trkpt lat="40.57496093304309" lon="-73.88595713536742">
    <ele>17.300000000000004</ele>
   </trkpt>
   <trkpt lat="40.57575729069953" lon="-73.88643807880132">
    <ele>16.46</ele>
   </trkpt>
   <trkpt lat="40.57655364636141" lon="-73.88691903368442">
    <ele>13.64</ele>
   </trkpt>
   <trkpt lat="40.57735" lon="-73.8874">
    <ele>9.41</ele>
   </trkpt>
   <trkpt lat="40.577910000674436" lon="-73.88773999726085">
    <ele>7.0</ele>
   </trkpt>
   <trkpt lat="40.57847" lon="-73.88808">
    <ele>5.57</ele>
   </trkpt>
   <trkpt lat="40.57876" lon="-73.88839">
    <ele>4.220000000000001</ele>
   </trkpt>
   <trkpt lat="40.579170000000005" lon="-73.88898">
    <ele>3.4400000000000004</ele>
   </trkpt>
   <trkpt lat="40.579820000000005" lon="-73.88978">
    <ele>2.7800000000000002</ele>
   </trkpt>
   <trkpt lat="40.58039500118875" lon="-73.8903099954237">
    <ele>2.6</ele>
   </trkpt>
   <trkpt lat="40.58097" lon="-73.89084000000001">
    <ele>3.2600000000000002</ele>
   </trkpt>
   <trkpt lat="40.58138" lon="-73.8913">
    <ele>3.69</ele>
   </trkpt>
   <trkpt lat="40.58151" lon="-73.89145">
    <ele>4.0</ele>
   </trkpt>
   <trkpt lat="40.581700000000005" lon="-73.89116">
    <ele>4.0600000000000005</ele>
   </trkpt>
   <trkpt lat="40.58205" lon="-73.89156000000001">
    <ele>4.109999999999999</ele>
   </trkpt>
   <trkpt lat="40.5822" lon="-73.89161">
    <ele>4.21</ele>
   </trkpt>
   <trkpt lat="40.58238" lon="-73.8917">
    <ele>4.220000000000001</ele>
   </trkpt>
   <trkpt lat="40.58249" lon="-73.89187000000001">
    <ele>4.08</ele>
   </trkpt>
   <trkpt lat="40.58259" lon="-73.89206">
    <ele>4.08</ele>
   </trkpt>
   <trkpt lat="40.58268" lon="-73.89215">
    <ele>4.08</ele>
   </trkpt>
   <trkpt lat="40.58283" lon="-73.89224">
    <ele>3.87</ele>
   </trkpt>
   <trkpt lat="40.58306" lon="-73.89232000000001">
    <ele>3.8100000000000005</ele>
   </trkpt>
   <trkpt lat="40.58323" lon="-73.89242">
    <ele>3.8000000000000003</ele>
   </trkpt>
   <trkpt lat="40.58339" lon="-73.89259000000001">
    <ele>3.85</ele>
   </trkpt>
   <trkpt lat="40.583650000000006" lon="-73.89292">
    <ele>4.220000000000001</ele>
   </trkpt>
   <trkpt lat="40.58399000146037" lon="-73.89349499713605">
    <ele>4.46</ele>
   </trkpt>
   <trkpt lat="40.58433" lon="-73.89407">
    <ele>4.5600000000000005</ele>
   </trkpt>
   <trkpt lat="40.584480000000006" lon="-73.89425">
    <ele>4.45</ele>
   </trkpt>
   <trkpt lat="40.58510000423792" lon="-73.89494998703631">
    <ele>3.87</ele>
   </trkpt>
   <trkpt lat="40.58572000425055" lon="-73.89564998705035">
    <ele>4.050000000000001</ele>
   </trkpt>
   <trkpt lat="40.58634" lon="-73.89635000000001">
    <ele>4.03</ele>
   </trkpt>
   <trkpt lat="40.586690000000004" lon="-73.89668">
    <ele>3.95</ele>
   </trkpt>
   <trkpt lat="40.586960000000005" lon="-73.89686">
    <ele>4.010000000000001</ele>
   </trkpt>
   <trkpt lat="40.58729" lon="-73.89739">
    <ele>4.07</ele>
   </trkpt>
   <trkpt lat="40.5877200010039" lon="-73.8978599970343">
    <ele>4.12</ele>
   </trkpt>
   <trkpt lat="40.588150000000006" lon="-73.89833">
    <ele>4.0200000000000005</ele>
   </trkpt>
   <trkpt lat="40.58827" lon="-73.89845000000001">
    <ele>3.98</ele>
   </trkpt>
   <trkpt lat="40.5884" lon="-73.89853000000001">
    <ele>3.97</ele>
   </trkpt>
   <trkpt lat="40.58856" lon="-73.89877">
    <ele>4.010000000000001</ele>
   </trkpt>
   <trkpt lat="40.5891550019193" lon="-73.89944499394299">
    <ele>3.74</ele>
   </trkpt>
   <trkpt lat="40.58975" lon="-73.90012">
    <ele>3.8100000000000005</ele>
   </trkpt>
   <trkpt lat="40.5904" lon="-73.90065000000001">
    <ele>3.94</ele>
   </trkpt>
   <trkpt lat="40.590880000000006" lon="-73.90115">
    <ele>3.8000000000000003</ele>
   </trkpt>
   <trkpt lat="40.59136" lon="-73.90173">
    <ele>3.56</ele>
   </trkpt>
   <trkpt lat="40.591770000000004" lon="-73.90213">
    <ele>3.6100000000000003</ele>
   </trkpt>
   <trkpt lat="40.592110000000005" lon="-73.90258">
    <ele>3.4200000000000004</ele>
   </trkpt>
   <trkpt lat="40.59263" lon="-73.90303">
    <ele>3.39</ele>
   </trkpt>
   <trkpt lat="40.59291" lon="-73.90343">
    <ele>3.39</ele>
   </trkpt>
   <trkpt lat="40.59311" lon="-73.90369000000001">
    <ele>3.4800000000000004</ele>
   </trkpt>
   <trkpt lat="40.593560000000004" lon="-73.90406">
    <ele>3.58</ele>
   </trkpt>
   <trkpt lat="40.59364" lon="-73.9042">
    <ele>3.8200000000000003</ele>
   </trkpt>
   <trkpt lat="40.59367" lon="-73.90434">
    <ele>4.03</ele>
   </trkpt>
   <trkpt lat="40.593900000000005" lon="-73.90477">
    <ele>4.12</ele>
   </trkpt>
   <trkpt lat="40.59405" lon="-73.90495">
    <ele>4.12</ele>
   </trkpt>
   <trkpt lat="40.59432" lon="-73.90513">
    <ele>3.75</ele>
   </trkpt>
   <trkpt lat="40.594500000000004" lon="-73.90514">
    <ele>3.6500000000000004</ele>
   </trkpt>
   <trkpt lat="40.594820000000006" lon="-73.90513">
    <ele>3.3800000000000003</ele>
   </trkpt>
   <trkpt lat="40.594950000000004" lon="-73.90517000000001">
    <ele>3.06</ele>
   </trkpt>
   <trkpt lat="40.59559" lon="-73.90549">
    <ele>2.5</ele>
   </trkpt>
   <trkpt lat="40.596090000000004" lon="-73.90567">
    <ele>2.1300000000000003</ele>
   </trkpt>
   <trkpt lat="40.5964" lon="-73.90571">
    <ele>1.9600000000000004</ele>
   </trkpt>
   <trkpt lat="40.596900000000005" lon="-73.90576">
    <ele>2.06</ele>
   </trkpt>
   <trkpt lat="40.5973799999133" lon="-73.90571500033204">
    <ele>2.0500000000000003</ele>
   </trkpt>
   <trkpt lat="40.597860000000004" lon="-73.90567">
    <ele>1.98</ele>
   </trkpt>
   <trkpt lat="40.59819" lon="-73.90555">
    <ele>1.8200000000000003</ele>
   </trkpt>
   <trkpt lat="40.5985" lon="-73.90539000000001">
    <ele>1.37</ele>
   </trkpt>
   <trkpt lat="40.59872" lon="-73.90518">
    <ele>1.28</ele>
   </trkpt>
   <trkpt lat="40.59883000000001" lon="-73.905">
    <ele>1.25</ele>
   </trkpt>
   <trkpt lat="40.59908" lon="-73.90451">
    <ele>1.59</ele>
   </trkpt>
   <trkpt lat="40.59944000252513" lon="-73.90374500411619">
    <ele>2.4000000000000004</ele>
   </trkpt>
   <trkpt lat="40.5998" lon="-73.90298">
    <ele>3.16</ele>
   </trkpt>
   <trkpt lat="40.60031" lon="-73.90209">
    <ele>4.430000000000001</ele>
   </trkpt>
   <trkpt lat="40.60049" lon="-73.90182">
    <ele>5.5200000000000005</ele>
   </trkpt>
   <trkpt lat="40.60079" lon="-73.90142">
    <ele>6.920000000000001</ele>
   </trkpt>
   <trkpt lat="40.60125500096998" lon="-73.90093000347747">
    <ele>9.430000000000001</ele>
   </trkpt>
   <trkpt lat="40.60172" lon="-73.90044">
    <ele>11.690000000000001</ele>
   </trkpt>
   <trkpt lat="40.60202" lon="-73.90020000000001">
    <ele>14.280000000000001</ele>
   </trkpt>
   <trkpt lat="40.60244" lon="-73.89986">
    <ele>15.240000000000002</ele>
   </trkpt>
   <trkpt lat="40.60298" lon="-73.89951">
    <ele>18.35</ele>
   </trkpt>
   <trkpt lat="40.603550000000006" lon="-73.89922">
    <ele>20.64</ele>
   </trkpt>
   <trkpt lat="40.60428" lon="-73.89892">
    <ele>21.77</ele>
   </trkpt>
   <trkpt lat="40.604690000000005" lon="-73.89882">
    <ele>21.76</ele>
   </trkpt>
   <trkpt lat="40.60529000002219" lon="-73.89871000099299">
    <ele>20.42</ele>
   </trkpt>
   <trkpt lat="40.60589" lon="-73.8986">
    <ele>18.64</ele>
   </trkpt>
   <trkpt lat="40.606340000030336" lon="-73.89853500043591">
    <ele>16.450000000000003</ele>
   </trkpt>
   <trkpt lat="40.606790000000004" lon="-73.89847">
    <ele>13.950000000000001</ele>
   </trkpt>
   <trkpt lat="40.607220000000005" lon="-73.89838">
    <ele>12.0</ele>
   </trkpt>
   <trkpt lat="40.607729999914135" lon="-73.89824000111517">
    <ele>9.73</ele>
   </trkpt>
   <trkpt lat="40.60824" lon="-73.8981">
    <ele>6.57</ele>
   </trkpt>
   <trkpt lat="40.608830000000005" lon="-73.89778000000001">
    <ele>4.29</ele>
   </trkpt>
   <trkpt lat="40.609460000000006" lon="-73.89726">
    <ele>2.23</ele>
   </trkpt>
   <trkpt lat="40.60954" lon="-73.89717">
    <ele>2.23</ele>
   </trkpt>
   <trkpt lat="40.609590000000004" lon="-73.89708">
    <ele>2.32</ele>
   </trkpt>
   <trkpt lat="40.60971000000001" lon="-73.89703">
    <ele>2.33</ele>
   </trkpt>
   <trkpt lat="40.6098" lon="-73.89716">
    <ele>2.31</ele>
   </trkpt>
   <trkpt lat="40.610110000000006" lon="-73.89721">
    <ele>3.6300000000000003</ele>
   </trkpt>
   <trkpt lat="40.61091666677812" lon="-73.89710666915904">
    <ele>4.29</ele>
   </trkpt>
   <trkpt lat="40.61172333346415" lon="-73.89700333582327">
    <ele>3.8200000000000003</ele>
   </trkpt>
   <trkpt lat="40.61253000000001" lon="-73.8969">
    <ele>3.41</ele>
   </trkpt>
   <trkpt lat="40.61318666664533" lon="-73.8968966667323">
    <ele>2.5100000000000002</ele>
   </trkpt>
   <trkpt lat="40.61384333329055" lon="-73.89689333339908">
    <ele>1.81</ele>
   </trkpt>
   <trkpt lat="40.61450000000001" lon="-73.89689">
    <ele>1.7000000000000002</ele>
   </trkpt>
   <trkpt lat="40.61534999992363" lon="-73.89691499967962">
    <ele>1.6400000000000001</ele>
   </trkpt>
   <trkpt lat="40.616200000000006" lon="-73.89694">
    <ele>1.87</ele>
   </trkpt>
   <trkpt lat="40.61697" lon="-73.89694">
    <ele>1.81</ele>
   </trkpt>
   <trkpt lat="40.61748000011712" lon="-73.89698499966605">
    <ele>1.84</ele>
   </trkpt>
   <trkpt lat="40.617990000000006" lon="-73.89703">
    <ele>2.34</ele>
   </trkpt>
   <trkpt lat="40.61845" lon="-73.89702000000001">
    <ele>3.2700000000000005</ele>
   </trkpt>
   <trkpt lat="40.61906000004812" lon="-73.8969350007738">
    <ele>4.880000000000001</ele>
   </trkpt>
   <trkpt lat="40.619670000000006" lon="-73.89685">
    <ele>8.06</ele>
   </trkpt>
   <trkpt lat="40.62022" lon="-73.89668">
    <ele>8.49</ele>
   </trkpt>
   <trkpt lat="40.62037" lon="-73.89669">
    <ele>9.27</ele>
   </trkpt>
   <trkpt lat="40.62088000014951" lon="-73.89653000120931">
    <ele>10.47</ele>
   </trkpt>
   <trkpt lat="40.621390000000005" lon="-73.89637">
    <ele>11.23</ele>
   </trkpt>
   <trkpt lat="40.62181" lon="-73.89618">
    <ele>11.750000000000002</ele>
   </trkpt>
   <trkpt lat="40.62252" lon="-73.89582">
    <ele>11.57</ele>
   </trkpt>
   <trkpt lat="40.62333" lon="-73.89533">
    <ele>9.97</ele>
   </trkpt>
   <trkpt lat="40.623670000000004" lon="-73.8951">
    <ele>9.31</ele>
   </trkpt>
   <trkpt lat="40.62415000090371" lon="-73.89467500294384">
    <ele>7.42</ele>
   </trkpt>
   <trkpt lat="40.62463" lon="-73.89425">
    <ele>5.670000000000001</ele>
   </trkpt>
   <trkpt lat="40.62501" lon="-73.89385">
    <ele>4.13</ele>
   </trkpt>
   <trkpt lat="40.625280000000004" lon="-73.89346">
    <ele>3.37</ele>
   </trkpt>
   <trkpt lat="40.62538" lon="-73.89328">
    <ele>3.0100000000000002</ele>
   </trkpt>
   <trkpt lat="40.62577" lon="-73.89224">
    <ele>1.35</ele>
   </trkpt>
   <trkpt lat="40.625840000000004" lon="-73.89211">
    <ele>1.35</ele>
   </trkpt>
   <trkpt lat="40.62594" lon="-73.89201">
    <ele>1.24</ele>
   </trkpt>
   <trkpt lat="40.62626" lon="-73.89174000000001">
    <ele>1.1900000000000002</ele>
   </trkpt>
   <trkpt lat="40.62639" lon="-73.89160000000001">
    <ele>1.1900000000000002</ele>
   </trkpt>
   <trkpt lat="40.62651" lon="-73.89143">
    <ele>1.1900000000000002</ele>
   </trkpt>
   <trkpt lat="40.62686000111049" lon="-73.89089500299316">
    <ele>1.3800000000000001</ele>
   </trkpt>
   <trkpt lat="40.627210000000005" lon="-73.89036">
    <ele>1.54</ele>
   </trkpt>
   <trkpt lat="40.62756" lon="-73.89004">
    <ele>1.81</ele>
   </trkpt>
   <trkpt lat="40.62765" lon="-73.88991">
    <ele>1.81</ele>
   </trkpt>
   <trkpt lat="40.628170002714896" lon="-73.88910500639172">
    <ele>1.78</ele>
   </trkpt>
   <trkpt lat="40.628690000000006" lon="-73.8883">
    <ele>2.08</ele>
   </trkpt>
   <trkpt lat="40.628980000000006" lon="-73.88777">
    <ele>2.9400000000000004</ele>
   </trkpt>
   <trkpt lat="40.6291" lon="-73.88745">
    <ele>3.0900000000000003</ele>
   </trkpt>
   <trkpt lat="40.62917" lon="-73.88708000000001">
    <ele>2.9600000000000004</ele>
   </trkpt>
   <trkpt lat="40.629200000000004" lon="-73.88669">
    <ele>2.69</ele>
   </trkpt>
   <trkpt lat="40.62921" lon="-73.88625">
    <ele>2.5</ele>
   </trkpt>
   <trkpt lat="40.62917" lon="-73.88579">
    <ele>2.45</ele>
   </trkpt>
   <trkpt lat="40.629180000000005" lon="-73.88541000000001">
    <ele>2.4600000000000004</ele>
   </trkpt>
   <trkpt lat="40.62923000000001" lon="-73.88508">
    <ele>2.4899999999999998</ele>
   </trkpt>
   <trkpt lat="40.62932" lon="-73.88482">
    <ele>2.6400000000000006</ele>
   </trkpt>
   <trkpt lat="40.629400000000004" lon="-73.88469">
    <ele>2.6400000000000006</ele>
   </trkpt>
   <trkpt lat="40.629650000000005" lon="-73.88449">
    <ele>2.54</ele>
   </trkpt>
   <trkpt lat="40.629830000000005" lon="-73.88441">
    <ele>2.5</ele>
   </trkpt>
   <trkpt lat="40.630250000000004" lon="-73.88434000000001">
    <ele>2.5700000000000003</ele>
   </trkpt>
   <trkpt lat="40.63054" lon="-73.88431">
    <ele>2.5700000000000003</ele>
   </trkpt>
   <trkpt lat="40.63091" lon="-73.88422">
    <ele>2.6400000000000006</ele>
   </trkpt>
   <trkpt lat="40.63118" lon="-73.88409">
    <ele>3.2900000000000005</ele>
   </trkpt>
   <trkpt lat="40.63148" lon="-73.88387">
    <ele>3.37</ele>
   </trkpt>
   <trkpt lat="40.631690000000006" lon="-73.88364">
    <ele>3.0900000000000003</ele>
   </trkpt>
   <trkpt lat="40.63196000000001" lon="-73.88332000000001">
    <ele>2.84</ele>
   </trkpt>
   <trkpt lat="40.632270000000005" lon="-73.88279">
    <ele>2.0</ele>
   </trkpt>
   <trkpt lat="40.63252000000001" lon="-73.88253">
    <ele>1.8</ele>
   </trkpt>
   <trkpt lat="40.6332" lon="-73.88203">
    <ele>1.76</ele>
   </trkpt>
   <trkpt lat="40.63360500047555" lon="-73.88164500249094">
    <ele>2.2800000000000002</ele>
   </trkpt>
   <trkpt lat="40.63401" lon="-73.88126000000001">
    <ele>2.56</ele>
   </trkpt>
   <trkpt lat="40.634460000000004" lon="-73.88086000000001">
    <ele>2.6300000000000003</ele>
   </trkpt>
   <trkpt lat="40.63515" lon="-73.88032000000001">
    <ele>2.9600000000000004</ele>
   </trkpt>
   <trkpt lat="40.635630000000006" lon="-73.87997">
    <ele>3.08</ele>
   </trkpt>
   <trkpt lat="40.63616500070269" lon="-73.87961500273914">
    <ele>3.4000000000000004</ele>
   </trkpt>
   <trkpt lat="40.636700000000005" lon="-73.87926">
    <ele>4.390000000000001</ele>
   </trkpt>
   <trkpt lat="40.637040000000006" lon="-73.87908">
    <ele>5.430000000000001</ele>
   </trkpt>
   <trkpt lat="40.63753500041409" lon="-73.87884500165895">
    <ele>7.140000000000001</ele>
   </trkpt>
   <trkpt lat="40.63803" lon="-73.87861000000001">
    <ele>7.9</ele>
   </trkpt>
   <trkpt lat="40.63860000035204" lon="-73.87832000248157">
    <ele>7.86</ele>
   </trkpt>
   <trkpt lat="40.63917" lon="-73.87803000000001">
    <ele>7.46</ele>
   </trkpt>
   <trkpt lat="40.639320000000005" lon="-73.87795000000001">
    <ele>6.91</ele>
   </trkpt>
   <trkpt lat="40.63973" lon="-73.87773">
    <ele>5.24</ele>
   </trkpt>
   <trkpt lat="40.640323334028714" lon="-73.8774466717021">
    <ele>3.0900000000000003</ele>
   </trkpt>
   <trkpt lat="40.64091666736499" lon="-73.87716333836744">
    <ele>1.9000000000000001</ele>
   </trkpt>
   <trkpt lat="40.641510000000004" lon="-73.87688">
    <ele>1.77</ele>
   </trkpt>
   <trkpt lat="40.64197" lon="-73.87656000000001">
    <ele>1.53</ele>
   </trkpt>
   <trkpt lat="40.64233500084868" lon="-73.87618500180183">
    <ele>2.14</ele>
   </trkpt>
   <trkpt lat="40.642700000000005" lon="-73.87581">
    <ele>4.840000000000001</ele>
   </trkpt>
   <trkpt lat="40.64303" lon="-73.87559">
    <ele>5.7</ele>
   </trkpt>
   <trkpt lat="40.643100000000004" lon="-73.87556000000001">
    <ele>5.430000000000001</ele>
   </trkpt>
   <trkpt lat="40.64321" lon="-73.87554">
    <ele>5.3100000000000005</ele>
   </trkpt>
   <trkpt lat="40.643370000000004" lon="-73.87558">
    <ele>4.3500000000000005</ele>
   </trkpt>
   <trkpt lat="40.643510000000006" lon="-73.87554">
    <ele>4.3500000000000005</ele>
   </trkpt>
   <trkpt lat="40.64367" lon="-73.87544000000001">
    <ele>2.72</ele>
   </trkpt>
   <trkpt lat="40.64385" lon="-73.87536">
    <ele>2.15</ele>
   </trkpt>
   <trkpt lat="40.64419" lon="-73.87532">
    <ele>1.5</ele>
   </trkpt>
   <trkpt lat="40.64466500042692" lon="-73.87498000247103">
    <ele>2.1300000000000003</ele>
   </trkpt>
   <trkpt lat="40.645140000000005" lon="-73.87464">
    <ele>3.7600000000000002</ele>
   </trkpt>
   <trkpt lat="40.645500000000006" lon="-73.87435">
    <ele>4.540000000000001</ele>
   </trkpt>
   <trkpt lat="40.645770000000006" lon="-73.8742">
    <ele>5.29</ele>
   </trkpt>
   <trkpt lat="40.64607" lon="-73.87398">
    <ele>6.450000000000001</ele>
   </trkpt>
   <trkpt lat="40.64645" lon="-73.87366">
    <ele>7.010000000000001</ele>
   </trkpt>
   <trkpt lat="40.646840000000005" lon="-73.87324000000001">
    <ele>6.57</ele>
   </trkpt>
   <trkpt lat="40.64733500168801" lon="-73.87262500449117">
    <ele>4.840000000000001</ele>
   </trkpt>
   <trkpt lat="40.647830000000006" lon="-73.87201">
    <ele>2.83</ele>
   </trkpt>
   <trkpt lat="40.64833" lon="-73.87137000000001">
    <ele>1.78</ele>
   </trkpt>
   <trkpt lat="40.648735001677736" lon="-73.87074500380402">
    <ele>1.28</ele>
   </trkpt>
   <trkpt lat="40.64914" lon="-73.87012">
    <ele>1.07</ele>
   </trkpt>
   <trkpt lat="40.64963500332974" lon="-73.86924500644197">
    <ele>0.76</ele>
   </trkpt>
   <trkpt lat="40.650130000000004" lon="-73.86837000000001">
    <ele>1.18</ele>
   </trkpt>
   <trkpt lat="40.65053" lon="-73.86748">
    <ele>1.1</ele>
   </trkpt>
   <trkpt lat="40.650850000000005" lon="-73.86671000000001">
    <ele>1.99</ele>
   </trkpt>
   <trkpt lat="40.65111" lon="-73.86591">
    <ele>5.82</ele>
   </trkpt>
   <trkpt lat="40.651340000000005" lon="-73.86545000000001">
    <ele>7.140000000000001</ele>
   </trkpt>
   <trkpt lat="40.65155" lon="-73.86510000000001">
    <ele>5.7700000000000005</ele>
   </trkpt>
   <trkpt lat="40.65194000100595" lon="-73.86458500319235">
    <ele>2.4600000000000004</ele>
   </trkpt>
   <trkpt lat="40.652330000000006" lon="-73.86407000000001">
    <ele>1.2100000000000002</ele>
   </trkpt>
   <trkpt lat="40.65284667290785" lon="-73.86322001314964">
    <ele>1.3200000000000003</ele>
   </trkpt>
   <trkpt lat="40.65336333958323" lon="-73.8623700131355">
    <ele>1.4500000000000002</ele>
   </trkpt>
   <trkpt lat="40.65388" lon="-73.86152000000001">
    <ele>2.3000000000000003</ele>
   </trkpt>
   <trkpt lat="40.65424" lon="-73.86095">
    <ele>4.28</ele>
   </trkpt>
   <trkpt lat="40.65464" lon="-73.86042">
    <ele>6.91</ele>
   </trkpt>
   <trkpt lat="40.65501500147498" lon="-73.85984500315686">
    <ele>7.790000000000001</ele>
   </trkpt>
   <trkpt lat="40.655390000000004" lon="-73.85927000000001">
    <ele>7.8500000000000005</ele>
   </trkpt>
   <trkpt lat="40.65549" lon="-73.85906">
    <ele>7.25</ele>
   </trkpt>
   <trkpt lat="40.65579500093482" lon="-73.85857500234403">
    <ele>5.21</ele>
   </trkpt>
   <trkpt lat="40.6561" lon="-73.85809">
    <ele>3.8100000000000005</ele>
   </trkpt>
   <trkpt lat="40.656490001268565" lon="-73.85753000339436">
    <ele>2.2</ele>
   </trkpt>
   <trkpt lat="40.65688" lon="-73.85697">
    <ele>1.79</ele>
   </trkpt>
   <trkpt lat="40.657380003544745" lon="-73.85633000957894">
    <ele>2.0300000000000002</ele>
   </trkpt>
   <trkpt lat="40.65788000355608" lon="-73.85569000956455">
    <ele>2.0900000000000003</ele>
   </trkpt>
   <trkpt lat="40.65838" lon="-73.85505">
    <ele>2.23</ele>
   </trkpt>
   <trkpt lat="40.65883666933158" lon="-73.85449334096491">
    <ele>1.8900000000000001</ele>
   </trkpt>
   <trkpt lat="40.65929333598999" lon="-73.8539366743084">
    <ele>1.78</ele>
   </trkpt>
   <trkpt lat="40.65975" lon="-73.85338">
    <ele>1.7000000000000002</ele>
   </trkpt>
   <trkpt lat="40.660250000000005" lon="-73.85274000000001">
    <ele>1.81</ele>
   </trkpt>
   <trkpt lat="40.66058000094102" lon="-73.852270002342">
    <ele>1.7400000000000002</ele>
   </trkpt>
   <trkpt lat="40.66091" lon="-73.85180000000001">
    <ele>1.9200000000000002</ele>
   </trkpt>
   <trkpt lat="40.661225001095" lon="-73.851290002452">
    <ele>2.62</ele>
   </trkpt>
   <trkpt lat="40.66154" lon="-73.85078">
    <ele>3.3000000000000003</ele>
   </trkpt>
   <trkpt lat="40.66187" lon="-73.85015">
    <ele>3.43</ele>
   </trkpt>
   <trkpt lat="40.662180000000006" lon="-73.84943000000001">
    <ele>3.37</ele>
   </trkpt>
   <trkpt lat="40.66219" lon="-73.84932">
    <ele>3.18</ele>
   </trkpt>
   <trkpt lat="40.66131" lon="-73.8491">
    <ele>2.97</ele>
   </trkpt>
   <trkpt lat="40.661463784086315" lon="-73.84803751713943">
    <ele>2.7900000000000005</ele>
   </trkpt>
   <trkpt lat="40.661617558434074" lon="-73.8469750293799">
    <ele>2.69</ele>
   </trkpt>
   <trkpt lat="40.66177132304321" lon="-73.84591253672166">
    <ele>2.4400000000000004</ele>
   </trkpt>
   <trkpt lat="40.661925077913615" lon="-73.84485003916498">
    <ele>2.3000000000000003</ele>
   </trkpt>
   <trkpt lat="40.662078823045185" lon="-73.84378753671014">
    <ele>2.0500000000000003</ele>
   </trkpt>
   <trkpt lat="40.66223255843782" lon="-73.84272502935737">
    <ele>2.0700000000000003</ele>
   </trkpt>
   <trkpt lat="40.662386284091426" lon="-73.84166251710695">
    <ele>2.0100000000000002</ele>
   </trkpt>
   <trkpt lat="40.66254" lon="-73.84060000000001">
    <ele>2.21</ele>
   </trkpt>
   <trkpt lat="40.663160000000005" lon="-73.84075">
    <ele>2.22</ele>
   </trkpt>
   <trkpt lat="40.663910000081295" lon="-73.84093999784464">
    <ele>2.72</ele>
   </trkpt>
   <trkpt lat="40.664660000000005" lon="-73.84113">
    <ele>4.12</ele>
   </trkpt>
   <trkpt lat="40.664750000000005" lon="-73.84104">
    <ele>4.36</ele>
   </trkpt>
   <trkpt lat="40.665274999851356" lon="-73.8411649989646">
    <ele>6.19</ele>
   </trkpt>
   <trkpt lat="40.665800000000004" lon="-73.84129">
    <ele>7.490000000000001</ele>
   </trkpt>
   <trkpt lat="40.666284999842745" lon="-73.84141999899292">
    <ele>7.57</ele>
   </trkpt>
   <trkpt lat="40.66677000000001" lon="-73.84155000000001">
    <ele>6.800000000000001</ele>
   </trkpt>
   <trkpt lat="40.66693" lon="-73.84153">
    <ele>6.640000000000001</ele>
   </trkpt>
   <trkpt lat="40.66724000000001" lon="-73.84166">
    <ele>6.33</ele>
   </trkpt>
   <trkpt lat="40.66803000033136" lon="-73.84187499748899">
    <ele>7.320000000000001</ele>
   </trkpt>
   <trkpt lat="40.668820000000004" lon="-73.84209000000001">
    <ele>8.180000000000001</ele>
   </trkpt>
   <trkpt lat="40.66899" lon="-73.84212000000001">
    <ele>8.180000000000001</ele>
   </trkpt>
   <trkpt lat="40.669090000000004" lon="-73.84217000000001">
    <ele>8.219999999999999</ele>
   </trkpt>
   <trkpt lat="40.669270000000004" lon="-73.84221000000001">
    <ele>8.270000000000001</ele>
   </trkpt>
   <trkpt lat="40.66986000026893" lon="-73.8423749985825">
    <ele>8.34</ele>
   </trkpt>
   <trkpt lat="40.67045" lon="-73.84254">
    <ele>8.100000000000001</ele>
   </trkpt>
   <trkpt lat="40.67127500016655" lon="-73.84274499745997">
    <ele>7.87</ele>
   </trkpt>
   <trkpt lat="40.6721" lon="-73.84295">
    <ele>7.7700000000000005</ele>
   </trkpt>
   <trkpt lat="40.6726" lon="-73.84304">
    <ele>7.72</ele>
   </trkpt>
   <trkpt lat="40.672900000000006" lon="-73.84308">
    <ele>8.08</ele>
   </trkpt>
   <trkpt lat="40.673170000000006" lon="-73.84308">
    <ele>8.08</ele>
   </trkpt>
   <trkpt lat="40.673770000000005" lon="-73.84301">
    <ele>8.450000000000001</ele>
   </trkpt>
   <trkpt lat="40.673750000000005" lon="-73.84314">
    <ele>8.440000000000001</ele>
   </trkpt>
   <trkpt lat="40.67461" lon="-73.8431">
    <ele>9.18</ele>
   </trkpt>
   <trkpt lat="40.675270000000005" lon="-73.84319">
    <ele>10.110000000000001</ele>
   </trkpt>
   <trkpt lat="40.675980000356176" lon="-73.84339332900232">
    <ele>10.4</ele>
   </trkpt>
   <trkpt lat="40.67669000035568" lon="-73.84359666233543">
    <ele>10.26</ele>
   </trkpt>
   <trkpt lat="40.677400000000006" lon="-73.8438">
    <ele>10.39</ele>
   </trkpt>
   <trkpt lat="40.678070000000005" lon="-73.84401000000001">
    <ele>10.22</ele>
   </trkpt>
   <trkpt lat="40.67867000024901" lon="-73.84412499900174">
    <ele>9.860000000000001</ele>
   </trkpt>
   <trkpt lat="40.67927" lon="-73.84424">
    <ele>9.46</ele>
   </trkpt>
   <trkpt lat="40.679790000000004" lon="-73.84429">
    <ele>8.990000000000002</ele>
   </trkpt>
   <trkpt lat="40.68032" lon="-73.84441000000001">
    <ele>8.67</ele>
   </trkpt>
   <trkpt lat="40.680640000000004" lon="-73.84445000000001">
    <ele>8.610000000000001</ele>
   </trkpt>
   <trkpt lat="40.68077" lon="-73.84448">
    <ele>8.58</ele>
   </trkpt>
   <trkpt lat="40.68126" lon="-73.84451">
    <ele>8.77</ele>
   </trkpt>
   <trkpt lat="40.681720000000006" lon="-73.84466">
    <ele>9.39</ele>
   </trkpt>
   <trkpt lat="40.682438336022" lon="-73.84501331429144">
    <ele>9.780000000000001</ele>
   </trkpt>
   <trkpt lat="40.68315667096695" lon="-73.84536663619836">
    <ele>10.55</ele>
   </trkpt>
   <trkpt lat="40.68387500483483" lon="-73.84571996572113">
    <ele>11.520000000000001</ele>
   </trkpt>
   <trkpt lat="40.68459333762557" lon="-73.84607330286009">
    <ele>12.47</ele>
   </trkpt>
   <trkpt lat="40.68531166933914" lon="-73.84642664761556">
    <ele>11.580000000000002</ele>
   </trkpt>
   <trkpt lat="40.68603" lon="-73.84678000000001">
    <ele>10.06</ele>
   </trkpt>
   <trkpt lat="40.68659" lon="-73.84707">
    <ele>10.47</ele>
   </trkpt>
   <trkpt lat="40.68713" lon="-73.84759000000001">
    <ele>11.15</ele>
   </trkpt>
   <trkpt lat="40.68744" lon="-73.84796">
    <ele>11.82</ele>
   </trkpt>
   <trkpt lat="40.687850000000005" lon="-73.84836">
    <ele>12.68</ele>
   </trkpt>
   <trkpt lat="40.68813" lon="-73.84858000000001">
    <ele>12.790000000000001</ele>
   </trkpt>
   <trkpt lat="40.68826000000001" lon="-73.84871000000001">
    <ele>12.790000000000001</ele>
   </trkpt>
   <trkpt lat="40.68873000000001" lon="-73.84911000000001">
    <ele>13.120000000000001</ele>
   </trkpt>
   <trkpt lat="40.68932" lon="-73.84955000000001">
    <ele>13.160000000000002</ele>
   </trkpt>
   <trkpt lat="40.689960000000006" lon="-73.84994">
    <ele>11.860000000000001</ele>
   </trkpt>
   <trkpt lat="40.690600000747295" lon="-73.85029999664819">
    <ele>12.180000000000001</ele>
   </trkpt>
   <trkpt lat="40.69124" lon="-73.85066">
    <ele>12.67</ele>
   </trkpt>
   <trkpt lat="40.691690000482176" lon="-73.85087499868308">
    <ele>13.14</ele>
   </trkpt>
   <trkpt lat="40.69214" lon="-73.85109">
    <ele>13.47</ele>
   </trkpt>
   <trkpt lat="40.69286333468586" lon="-73.85147665830466">
    <ele>14.020000000000001</ele>
   </trkpt>
   <trkpt lat="40.693586668081736" lon="-73.85186332500463">
    <ele>14.690000000000001</ele>
   </trkpt>
   <trkpt lat="40.69431" lon="-73.85225000000001">
    <ele>14.980000000000002</ele>
   </trkpt>
   <trkpt lat="40.69476" lon="-73.85235">
    <ele>15.530000000000001</ele>
   </trkpt>
   <trkpt lat="40.695460000157375" lon="-73.85249499849031">
    <ele>16.5</ele>
   </trkpt>
   <trkpt lat="40.696160000000006" lon="-73.85264000000001">
    <ele>17.87</ele>
   </trkpt>
   <trkpt lat="40.69652000000001" lon="-73.85265000000001">
    <ele>18.910000000000004</ele>
   </trkpt>
   <trkpt lat="40.69686" lon="-73.85263">
    <ele>19.669999999999998</ele>
   </trkpt>
   <trkpt lat="40.697520000000004" lon="-73.85257">
    <ele>22.1</ele>
   </trkpt>
   <trkpt lat="40.69807" lon="-73.85248">
    <ele>24.040000000000003</ele>
   </trkpt>
   <trkpt lat="40.698310000000006" lon="-73.85249">
    <ele>26.51</ele>
   </trkpt>
   <trkpt lat="40.698690000000006" lon="-73.85267">
    <ele>28.290000000000003</ele>
   </trkpt>
   <trkpt lat="40.699320000963716" lon="-73.85311999580851">
    <ele>32.52</ele>
   </trkpt>
   <trkpt lat="40.69995" lon="-73.85357">
    <ele>36.01</ele>
   </trkpt>
   <trkpt lat="40.700450000000004" lon="-73.8541">
    <ele>37.720000000000006</ele>
   </trkpt>
   <trkpt lat="40.70078" lon="-73.85411">
    <ele>38.98</ele>
   </trkpt>
   <trkpt lat="40.700750000000006" lon="-73.85383">
    <ele>39.040000000000006</ele>
   </trkpt>
   <trkpt lat="40.70053" lon="-73.85297">
    <ele>36.67</ele>
   </trkpt>
   <trkpt lat="40.700430000000004" lon="-73.85239">
    <ele>35.71000000000001</ele>
   </trkpt>
   <trkpt lat="40.700430000000004" lon="-73.85203">
    <ele>35.160000000000004</ele>
   </trkpt>
   <trkpt lat="40.70046000000001" lon="-73.85168">
    <ele>35.08</ele>
   </trkpt>
   <trkpt lat="40.700540000000004" lon="-73.85145">
    <ele>35.14</ele>
   </trkpt>
   <trkpt lat="40.70092" lon="-73.85064000000001">
    <ele>35.22</ele>
   </trkpt>
   <trkpt lat="40.701" lon="-73.85057">
    <ele>35.22</ele>
   </trkpt>
   <trkpt lat="40.701080000000005" lon="-73.85056">
    <ele>35.370000000000005</ele>
   </trkpt>
   <trkpt lat="40.701620000000005" lon="-73.85074">
    <ele>38.13</ele>
   </trkpt>
   <trkpt lat="40.701930000000004" lon="-73.85071">
    <ele>39.23</ele>
   </trkpt>
   <trkpt lat="40.70226" lon="-73.85066">
    <ele>39.290000000000006</ele>
   </trkpt>
   <trkpt lat="40.70262" lon="-73.85052">
    <ele>39.24</ele>
   </trkpt>
   <trkpt lat="40.70286" lon="-73.85033">
    <ele>38.89</ele>
   </trkpt>
   <trkpt lat="40.70306" lon="-73.85011">
    <ele>38.23</ele>
   </trkpt>
   <trkpt lat="40.70333" lon="-73.84967">
    <ele>35.92</ele>
   </trkpt>
   <trkpt lat="40.703570000000006" lon="-73.84908">
    <ele>34.31</ele>
   </trkpt>
   <trkpt lat="40.703610000000005" lon="-73.84881">
    <ele>33.59</ele>
   </trkpt>
   <trkpt lat="40.703630000000004" lon="-73.84851">
    <ele>33.28</ele>
   </trkpt>
   <trkpt lat="40.703570000000006" lon="-73.84787">
    <ele>32.480000000000004</ele>
   </trkpt>
   <trkpt lat="40.70349" lon="-73.84755000000001">
    <ele>32.370000000000005</ele>
   </trkpt>
   <trkpt lat="40.70333" lon="-73.84706">
    <ele>32.29</ele>
   </trkpt>
   <trkpt lat="40.703070000000004" lon="-73.84657">
    <ele>31.37</ele>
   </trkpt>
   <trkpt lat="40.70293" lon="-73.84635">
    <ele>31.020000000000003</ele>
   </trkpt>
   <trkpt lat="40.70275" lon="-73.84612">
    <ele>30.62</ele>
   </trkpt>
   <trkpt lat="40.70262" lon="-73.84589000000001">
    <ele>30.720000000000002</ele>
   </trkpt>
   <trkpt lat="40.70253" lon="-73.8456">
    <ele>31.59</ele>
   </trkpt>
   <trkpt lat="40.7025" lon="-73.84536">
    <ele>32.199999999999996</ele>
   </trkpt>
   <trkpt lat="40.702540000000006" lon="-73.84497">
    <ele>33.77</ele>
   </trkpt>
   <trkpt lat="40.702650000000006" lon="-73.84438">
    <ele>34.65</ele>
   </trkpt>
   <trkpt lat="40.702690000000004" lon="-73.84367">
    <ele>34.35</ele>
   </trkpt>
   <trkpt lat="40.70261" lon="-73.84277">
    <ele>33.59</ele>
   </trkpt>
   <trkpt lat="40.70264" lon="-73.84229">
    <ele>32.800000000000004</ele>
   </trkpt>
   <trkpt lat="40.702830000000006" lon="-73.84139">
    <ele>29.94</ele>
   </trkpt>
   <trkpt lat="40.70284" lon="-73.84053">
    <ele>29.310000000000002</ele>
   </trkpt>
   <trkpt lat="40.70290000000001" lon="-73.84027">
    <ele>29.650000000000002</ele>
   </trkpt>
   <trkpt lat="40.70306" lon="-73.84009">
    <ele>31.1</ele>
   </trkpt>
   <trkpt lat="40.703570000000006" lon="-73.83976000000001">
    <ele>32.52</ele>
   </trkpt>
   <trkpt lat="40.70391" lon="-73.83951">
    <ele>33.06</ele>
   </trkpt>
   <trkpt lat="40.703970000000005" lon="-73.83944000000001">
    <ele>33.06</ele>
   </trkpt>
   <trkpt lat="40.70403" lon="-73.83933">
    <ele>33.580000000000005</ele>
   </trkpt>
   <trkpt lat="40.704080000000005" lon="-73.83919">
    <ele>33.99</ele>
   </trkpt>
   <trkpt lat="40.704150000000006" lon="-73.83847">
    <ele>36.95</ele>
   </trkpt>
   <trkpt lat="40.704190000000004" lon="-73.83829">
    <ele>37.55</ele>
   </trkpt>
   <trkpt lat="40.70427" lon="-73.83812">
    <ele>38.07</ele>
   </trkpt>
   <trkpt lat="40.704370000000004" lon="-73.83798">
    <ele>38.37</ele>
   </trkpt>
   <trkpt lat="40.70445" lon="-73.83793">
    <ele>38.63</ele>
   </trkpt>
   <trkpt lat="40.70456" lon="-73.83788000000001">
    <ele>38.74</ele>
   </trkpt>
   <trkpt lat="40.70467" lon="-73.83785">
    <ele>38.96</ele>
   </trkpt>
   <trkpt lat="40.70477" lon="-73.83788000000001">
    <ele>38.96</ele>
   </trkpt>
   <trkpt lat="40.705040000000004" lon="-73.83798">
    <ele>39.42</ele>
   </trkpt>
   <trkpt lat="40.705180000000006" lon="-73.83808">
    <ele>39.99</ele>
   </trkpt>
   <trkpt lat="40.705685000771304" lon="-73.83847499708162">
    <ele>41.78</ele>
   </trkpt>
   <trkpt lat="40.70619000000001" lon="-73.83887">
    <ele>41.580000000000005</ele>
   </trkpt>
   <trkpt lat="40.70637000000001" lon="-73.83896">
    <ele>41.24</ele>
   </trkpt>
   <trkpt lat="40.70653" lon="-73.83900000000001">
    <ele>41.010000000000005</ele>
   </trkpt>
   <trkpt lat="40.707190000000004" lon="-73.83895000000001">
    <ele>40.79</ele>
   </trkpt>
   <trkpt lat="40.70743" lon="-73.83896">
    <ele>40.300000000000004</ele>
   </trkpt>
   <trkpt lat="40.708270000000006" lon="-73.8391">
    <ele>36.4</ele>
   </trkpt>
   <trkpt lat="40.708560000000006" lon="-73.83902">
    <ele>35.6</ele>
   </trkpt>
   <trkpt lat="40.708980000000004" lon="-73.83887">
    <ele>35.67</ele>
   </trkpt>
   <trkpt lat="40.709320000000005" lon="-73.83866">
    <ele>35.78000000000001</ele>
   </trkpt>
   <trkpt lat="40.709590000000006" lon="-73.83847">
    <ele>36.160000000000004</ele>
   </trkpt>
   <trkpt lat="40.709830000000004" lon="-73.83824">
    <ele>37.410000000000004</ele>
   </trkpt>
   <trkpt lat="40.710010000000004" lon="-73.83802">
    <ele>39.45</ele>
   </trkpt>
   <trkpt lat="40.71023" lon="-73.83762">
    <ele>42.32</ele>
   </trkpt>
   <trkpt lat="40.710530000000006" lon="-73.83694000000001">
    <ele>42.89</ele>
   </trkpt>
   <trkpt lat="40.71068" lon="-73.83663">
    <ele>42.81</ele>
   </trkpt>
   <trkpt lat="40.710840000000005" lon="-73.83641">
    <ele>42.75</ele>
   </trkpt>
   <trkpt lat="40.71097" lon="-73.83629">
    <ele>42.63</ele>
   </trkpt>
   <trkpt lat="40.711130000000004" lon="-73.83619">
    <ele>42.17</ele>
   </trkpt>
   <trkpt lat="40.71141" lon="-73.83584">
    <ele>41.07</ele>
   </trkpt>
   <trkpt lat="40.711470000000006" lon="-73.83572000000001">
    <ele>41.800000000000004</ele>
   </trkpt>
   <trkpt lat="40.71087500203484" lon="-73.83504999412351">
    <ele>45.78</ele>
   </trkpt>
   <trkpt lat="40.710280000000004" lon="-73.83438000000001">
    <ele>44.72</ele>
   </trkpt>
   <trkpt lat="40.71002" lon="-73.83406000000001">
    <ele>43.47</ele>
   </trkpt>
   <trkpt lat="40.710460000000005" lon="-73.83319">
    <ele>40.25</ele>
   </trkpt>
   <trkpt lat="40.710480000000004" lon="-73.8331">
    <ele>39.31</ele>
   </trkpt>
   <trkpt lat="40.71043" lon="-73.83301">
    <ele>39.31</ele>
   </trkpt>
   <trkpt lat="40.710330000000006" lon="-73.83263000000001">
    <ele>37.49</ele>
   </trkpt>
   <trkpt lat="40.71041" lon="-73.83242">
    <ele>37.35</ele>
   </trkpt>
   <trkpt lat="40.71075500117373" lon="-73.83190000268351">
    <ele>36.730000000000004</ele>
   </trkpt>
   <trkpt lat="40.7111" lon="-73.83138000000001">
    <ele>35.04</ele>
   </trkpt>
   <trkpt lat="40.71154000408576" lon="-73.83069334238178">
    <ele>32.86</ele>
   </trkpt>
   <trkpt lat="40.711980004102905" lon="-73.83000667568847">
    <ele>31.900000000000006</ele>
   </trkpt>
   <trkpt lat="40.71242" lon="-73.82932000000001">
    <ele>32.150000000000006</ele>
   </trkpt>
   <trkpt lat="40.71303" lon="-73.82982000000001">
    <ele>30.840000000000003</ele>
   </trkpt>
   <trkpt lat="40.71356" lon="-73.83030000000001">
    <ele>29.92</ele>
   </trkpt>
   <trkpt lat="40.71405" lon="-73.83102000000001">
    <ele>29.900000000000002</ele>
   </trkpt>
   <trkpt lat="40.7141" lon="-73.83076000000001">
    <ele>29.460000000000004</ele>
   </trkpt>
   <trkpt lat="40.71419" lon="-73.83048000000001">
    <ele>29.620000000000005</ele>
   </trkpt>
   <trkpt lat="40.71425" lon="-73.83061000000001">
    <ele>29.620000000000005</ele>
   </trkpt>
   <trkpt lat="40.71452" lon="-73.83101">
    <ele>29.820000000000004</ele>
   </trkpt>
   <trkpt lat="40.71454000000001" lon="-73.83089000000001">
    <ele>29.540000000000003</ele>
   </trkpt>
   <trkpt lat="40.714580000000005" lon="-73.83096">
    <ele>29.32</ele>
   </trkpt>
   <trkpt lat="40.71472000140454" lon="-73.83039500107826">
    <ele>26.45</ele>
   </trkpt>
   <trkpt lat="40.71486" lon="-73.82983">
    <ele>24.75</ele>
   </trkpt>
   <trkpt lat="40.71513" lon="-73.82929">
    <ele>21.640000000000004</ele>
   </trkpt>
   <trkpt lat="40.71535" lon="-73.82899">
    <ele>20.85</ele>
   </trkpt>
   <trkpt lat="40.715720000000005" lon="-73.82866">
    <ele>18.73</ele>
   </trkpt>
   <trkpt lat="40.71613000000001" lon="-73.82833000000001">
    <ele>17.27</ele>
   </trkpt>
   <trkpt lat="40.71647" lon="-73.82799">
    <ele>15.330000000000002</ele>
   </trkpt>
   <trkpt lat="40.71696" lon="-73.82742">
    <ele>11.49</ele>
   </trkpt>
   <trkpt lat="40.717020000000005" lon="-73.82742">
    <ele>10.350000000000001</ele>
   </trkpt>
   <trkpt lat="40.71705" lon="-73.82754">
    <ele>10.350000000000001</ele>
   </trkpt>
   <trkpt lat="40.7169" lon="-73.82787">
    <ele>8.98</ele>
   </trkpt>
   <trkpt lat="40.716910000000006" lon="-73.82795">
    <ele>8.98</ele>
   </trkpt>
   <trkpt lat="40.71694" lon="-73.82799">
    <ele>8.98</ele>
   </trkpt>
   <trkpt lat="40.71698000000001" lon="-73.82799">
    <ele>7.800000000000001</ele>
   </trkpt>
   <trkpt lat="40.717020000000005" lon="-73.82795">
    <ele>7.800000000000001</ele>
   </trkpt>
   <trkpt lat="40.717200000000005" lon="-73.82742">
    <ele>6.3100000000000005</ele>
   </trkpt>
   <trkpt lat="40.717255002273525" lon="-73.82669500052481">
    <ele>8.200000000000001</ele>
   </trkpt>
   <trkpt lat="40.717310000000005" lon="-73.82597000000001">
    <ele>12.14</ele>
   </trkpt>
   <trkpt lat="40.71728" lon="-73.82553">
    <ele>14.06</ele>
   </trkpt>
   <trkpt lat="40.717290000000006" lon="-73.82549">
    <ele>14.06</ele>
   </trkpt>
   <trkpt lat="40.717330000000004" lon="-73.82544">
    <ele>14.110000000000001</ele>
   </trkpt>
   <trkpt lat="40.717360000000006" lon="-73.82538000000001">
    <ele>14.14</ele>
   </trkpt>
   <trkpt lat="40.71745000000001" lon="-73.82541">
    <ele>14.14</ele>
   </trkpt>
   <trkpt lat="40.718300000002245" lon="-73.82544499955299">
    <ele>14.24</ele>
   </trkpt>
   <trkpt lat="40.719150000000006" lon="-73.82548000000001">
    <ele>11.580000000000002</ele>
   </trkpt>
   <trkpt lat="40.71963" lon="-73.82554">
    <ele>10.22</ele>
   </trkpt>
   <trkpt lat="40.720060000000004" lon="-73.82567">
    <ele>9.57</ele>
   </trkpt>
   <trkpt lat="40.7205" lon="-73.82586">
    <ele>9.32</ele>
   </trkpt>
   <trkpt lat="40.720670000000005" lon="-73.82598">
    <ele>9.340000000000002</ele>
   </trkpt>
   <trkpt lat="40.721000000000004" lon="-73.82611">
    <ele>9.62</ele>
   </trkpt>
   <trkpt lat="40.721690000328266" lon="-73.82630999584853">
    <ele>9.850000000000001</ele>
   </trkpt>
   <trkpt lat="40.72238000031136" lon="-73.82650999584358">
    <ele>10.38</ele>
   </trkpt>
   <trkpt lat="40.72307" lon="-73.82671">
    <ele>10.68</ele>
   </trkpt>
   <trkpt lat="40.72370499997047" lon="-73.82692999781845">
    <ele>11.06</ele>
   </trkpt>
   <trkpt lat="40.724340000000005" lon="-73.82715">
    <ele>11.44</ele>
   </trkpt>
   <trkpt lat="40.7246" lon="-73.82728">
    <ele>11.44</ele>
   </trkpt>
   <trkpt lat="40.72491" lon="-73.82751">
    <ele>11.750000000000002</ele>
   </trkpt>
   <trkpt lat="40.724920000000004" lon="-73.82751">
    <ele>11.750000000000002</ele>
   </trkpt>
   <trkpt lat="40.72523" lon="-73.8279">
    <ele>12.110000000000001</ele>
   </trkpt>
   <trkpt lat="40.72542000000001" lon="-73.82825000000001">
    <ele>12.280000000000001</ele>
   </trkpt>
   <trkpt lat="40.725550000000005" lon="-73.82861000000001">
    <ele>12.38</ele>
   </trkpt>
   <trkpt lat="40.72565" lon="-73.82895">
    <ele>12.55</ele>
   </trkpt>
   <trkpt lat="40.725730000000006" lon="-73.82934">
    <ele>12.8</ele>
   </trkpt>
   <trkpt lat="40.72587" lon="-73.82975">
    <ele>12.97</ele>
   </trkpt>
   <trkpt lat="40.72603" lon="-73.8301">
    <ele>13.15</ele>
   </trkpt>
   <trkpt lat="40.72623" lon="-73.83041">
    <ele>13.53</ele>
   </trkpt>
   <trkpt lat="40.726380000000006" lon="-73.83059">
    <ele>13.580000000000002</ele>
   </trkpt>
   <trkpt lat="40.7267" lon="-73.83087">
    <ele>13.01</ele>
   </trkpt>
   <trkpt lat="40.727500000000006" lon="-73.83136">
    <ele>11.860000000000001</ele>
   </trkpt>
   <trkpt lat="40.728030000000004" lon="-73.83173000000001">
    <ele>11.89</ele>
   </trkpt>
   <trkpt lat="40.72807" lon="-73.83191000000001">
    <ele>11.860000000000001</ele>
   </trkpt>
   <trkpt lat="40.728080000000006" lon="-73.8322">
    <ele>11.72</ele>
   </trkpt>
   <trkpt lat="40.728030000000004" lon="-73.83254000000001">
    <ele>11.45</ele>
   </trkpt>
   <trkpt lat="40.72795" lon="-73.83291000000001">
    <ele>10.370000000000001</ele>
   </trkpt>
   <trkpt lat="40.72765000430399" lon="-73.83391000454442">
    <ele>5.55</ele>
   </trkpt>
   <trkpt lat="40.72735" lon="-73.83491000000001">
    <ele>2.7600000000000002</ele>
   </trkpt>
   <trkpt lat="40.72742" lon="-73.83495">
    <ele>2.5</ele>
   </trkpt>
   <trkpt lat="40.727520000000005" lon="-73.83484">
    <ele>2.19</ele>
   </trkpt>
   <trkpt lat="40.72757" lon="-73.83489">
    <ele>2.19</ele>
   </trkpt>
   <trkpt lat="40.72749" lon="-73.83506000000001">
    <ele>2.19</ele>
   </trkpt>
   <trkpt lat="40.727430000000005" lon="-73.83521">
    <ele>2.1</ele>
   </trkpt>
   <trkpt lat="40.7274" lon="-73.83539">
    <ele>2.1</ele>
   </trkpt>
   <trkpt lat="40.727410000000006" lon="-73.83561">
    <ele>2.14</ele>
   </trkpt>
   <trkpt lat="40.72763667328599" lon="-73.83648666064421">
    <ele>2.73</ele>
   </trkpt>
   <trkpt lat="40.727863339939645" lon="-73.83736332726048">
    <ele>2.36</ele>
   </trkpt>
   <trkpt lat="40.72809" lon="-73.83824">
    <ele>2.4000000000000004</ele>
   </trkpt>
   <trkpt lat="40.72816" lon="-73.83842">
    <ele>2.5</ele>
   </trkpt>
   <trkpt lat="40.72824000000001" lon="-73.83856">
    <ele>2.56</ele>
   </trkpt>
   <trkpt lat="40.72834" lon="-73.83869">
    <ele>2.5900000000000003</ele>
   </trkpt>
   <trkpt lat="40.728480000000005" lon="-73.83883">
    <ele>2.5700000000000003</ele>
   </trkpt>
   <trkpt lat="40.72918000000001" lon="-73.83936">
    <ele>2.22</ele>
   </trkpt>
   <trkpt lat="40.72982000158203" lon="-73.83994999439918">
    <ele>2.22</ele>
   </trkpt>
   <trkpt lat="40.73046" lon="-73.84054">
    <ele>2.22</ele>
   </trkpt>
   <trkpt lat="40.731075002091515" lon="-73.84122999366426">
    <ele>2.5100000000000002</ele>
   </trkpt>
   <trkpt lat="40.73169" lon="-73.84192">
    <ele>3.24</ele>
   </trkpt>
   <trkpt lat="40.732080000644885" lon="-73.84227499801125">
    <ele>3.3800000000000003</ele>
   </trkpt>
   <trkpt lat="40.732470000000006" lon="-73.84263">
    <ele>3.37</ele>
   </trkpt>
   <trkpt lat="40.732870000454184" lon="-73.84293999816695">
    <ele>3.2</ele>
   </trkpt>
   <trkpt lat="40.733270000000005" lon="-73.84325000000001">
    <ele>3.4000000000000004</ele>
   </trkpt>
   <trkpt lat="40.73362" lon="-73.84345">
    <ele>3.2900000000000005</ele>
   </trkpt>
   <trkpt lat="40.734120000421065" lon="-73.84371499807105">
    <ele>3.52</ele>
   </trkpt>
   <trkpt lat="40.73462000000001" lon="-73.84398">
    <ele>3.5100000000000002</ele>
   </trkpt>
   <trkpt lat="40.735330000000005" lon="-73.84428000000001">
    <ele>3.33</ele>
   </trkpt>
   <trkpt lat="40.73617" lon="-73.84448">
    <ele>3.2600000000000002</ele>
   </trkpt>
   <trkpt lat="40.73686" lon="-73.84456">
    <ele>2.95</ele>
   </trkpt>
   <trkpt lat="40.73738" lon="-73.84456">
    <ele>2.89</ele>
   </trkpt>
   <trkpt lat="40.73792" lon="-73.84452">
    <ele>2.9000000000000004</ele>
   </trkpt>
   <trkpt lat="40.7385" lon="-73.84442">
    <ele>3.1400000000000006</ele>
   </trkpt>
   <trkpt lat="40.73861" lon="-73.84434">
    <ele>2.9800000000000004</ele>
   </trkpt>
   <trkpt lat="40.7393" lon="-73.84367">
    <ele>2.68</ele>
   </trkpt>
   <trkpt lat="40.73935" lon="-73.84365000000001">
    <ele>2.68</ele>
   </trkpt>
   <trkpt lat="40.73944" lon="-73.84344">
    <ele>2.3800000000000003</ele>
   </trkpt>
   <trkpt lat="40.73962" lon="-73.84272">
    <ele>2.2800000000000002</ele>
   </trkpt>
   <trkpt lat="40.73973" lon="-73.8425">
    <ele>2.17</ele>
   </trkpt>
   <trkpt lat="40.74" lon="-73.84202">
    <ele>2.34</ele>
   </trkpt>
   <trkpt lat="40.740080000000006" lon="-73.84205">
    <ele>2.33</ele>
   </trkpt>
   <trkpt lat="40.740230000000004" lon="-73.84204000000001">
    <ele>2.36</ele>
   </trkpt>
   <trkpt lat="40.74033" lon="-73.84191000000001">
    <ele>2.5900000000000003</ele>
   </trkpt>
   <trkpt lat="40.74036" lon="-73.8418">
    <ele>2.5900000000000003</ele>
   </trkpt>
   <trkpt lat="40.74102666780327" lon="-73.8421633260487">
    <ele>7.180000000000001</ele>
   </trkpt>
   <trkpt lat="40.74169333446726" lon="-73.84252665938048">
    <ele>8.120000000000001</ele>
   </trkpt>
   <trkpt lat="40.742360000000005" lon="-73.84289000000001">
    <ele>3.8400000000000003</ele>
   </trkpt>
   <trkpt lat="40.74231" lon="-73.84307000000001">
    <ele>3.8400000000000003</ele>
   </trkpt>
   <trkpt lat="40.742250000000006" lon="-73.84339">
    <ele>4.140000000000001</ele>
   </trkpt>
   <trkpt lat="40.74226" lon="-73.84384">
    <ele>4.36</ele>
   </trkpt>
   <trkpt lat="40.7423" lon="-73.84402">
    <ele>4.66</ele>
   </trkpt>
   <trkpt lat="40.74237" lon="-73.8442">
    <ele>5.44</ele>
   </trkpt>
   <trkpt lat="40.742540000000005" lon="-73.84450000000001">
    <ele>5.920000000000001</ele>
   </trkpt>
   <trkpt lat="40.74275" lon="-73.84472000000001">
    <ele>6.61</ele>
   </trkpt>
   <trkpt lat="40.74345500038832" lon="-73.84507499615874">
    <ele>7.87</ele>
   </trkpt>
   <trkpt lat="40.74416" lon="-73.84543000000001">
    <ele>8.57</ele>
   </trkpt>
   <trkpt lat="40.744350001599585" lon="-73.84482000176234">
    <ele>7.48</ele>
   </trkpt>
   <trkpt lat="40.74454" lon="-73.84421">
    <ele>6.82</ele>
   </trkpt>
   <trkpt lat="40.74502000018125" lon="-73.84447499802017">
    <ele>6.99</ele>
   </trkpt>
   <trkpt lat="40.7455" lon="-73.84474">
    <ele>6.640000000000001</ele>
   </trkpt>
   <trkpt lat="40.74559" lon="-73.84447">
    <ele>6.5</ele>
   </trkpt>
   <trkpt lat="40.74569" lon="-73.84427000000001">
    <ele>6.48</ele>
   </trkpt>
   <trkpt lat="40.74577" lon="-73.84416">
    <ele>6.3500000000000005</ele>
   </trkpt>
   <trkpt lat="40.745920000000005" lon="-73.84401000000001">
    <ele>6.24</ele>
   </trkpt>
   <trkpt lat="40.74606" lon="-73.84393">
    <ele>6.17</ele>
   </trkpt>
   <trkpt lat="40.74629" lon="-73.84388000000001">
    <ele>5.64</ele>
   </trkpt>
   <trkpt lat="40.74647" lon="-73.84385">
    <ele>5.5200000000000005</ele>
   </trkpt>
   <trkpt lat="40.74658" lon="-73.84388000000001">
    <ele>5.5600000000000005</ele>
   </trkpt>
   <trkpt lat="40.7468" lon="-73.84401000000001">
    <ele>5.57</ele>
   </trkpt>
   <trkpt lat="40.74658" lon="-73.84388000000001">
    <ele>5.5200000000000005</ele>
   </trkpt>
   <trkpt lat="40.74647" lon="-73.84385">
    <ele>5.64</ele>
   </trkpt>
   <trkpt lat="40.74629" lon="-73.84388000000001">
    <ele>5.970000000000001</ele>
   </trkpt>
   <trkpt lat="40.74606" lon="-73.84393">
    <ele>6.24</ele>
   </trkpt>
   <trkpt lat="40.745920000000005" lon="-73.84401000000001">
    <ele>6.3500000000000005</ele>
   </trkpt>
   <trkpt lat="40.74577" lon="-73.84416">
    <ele>6.48</ele>
   </trkpt>
   <trkpt lat="40.74569" lon="-73.84427000000001">
    <ele>6.48</ele>
   </trkpt>
   <trkpt lat="40.74559" lon="-73.84447">
    <ele>6.5</ele>
   </trkpt>
   <trkpt lat="40.745154999949385" lon="-73.84423999834819">
    <ele>6.7700000000000005</ele>
   </trkpt>
   <trkpt lat="40.74472" lon="-73.84401000000001">
    <ele>6.57</ele>
   </trkpt>
   <trkpt lat="40.744640000000004" lon="-73.84427000000001">
    <ele>6.82</ele>
   </trkpt>
   <trkpt lat="40.74454" lon="-73.84421">
    <ele>7.07</ele>
   </trkpt>
   <trkpt lat="40.74423334169213" lon="-73.84519334235804">
    <ele>8.5</ele>
   </trkpt>
   <trkpt lat="40.743926675038935" lon="-73.84617667564801">
    <ele>9.63</ele>
   </trkpt>
   <trkpt lat="40.74362" lon="-73.84716">
    <ele>9.38</ele>
   </trkpt>
   <trkpt lat="40.74343500179345" lon="-73.84780000169047">
    <ele>8.33</ele>
   </trkpt>
   <trkpt lat="40.74325" lon="-73.84844000000001">
    <ele>8.26</ele>
   </trkpt>
   <trkpt lat="40.74329" lon="-73.84859">
    <ele>8.15</ele>
   </trkpt>
   <trkpt lat="40.743280000000006" lon="-73.84865">
    <ele>8.15</ele>
   </trkpt>
   <trkpt lat="40.74325" lon="-73.84873">
    <ele>8.24</ele>
   </trkpt>
   <trkpt lat="40.743190000000006" lon="-73.84878">
    <ele>8.24</ele>
   </trkpt>
   <trkpt lat="40.74315" lon="-73.84881">
    <ele>8.24</ele>
   </trkpt>
   <trkpt lat="40.743100000000005" lon="-73.84878">
    <ele>8.24</ele>
   </trkpt>
   <trkpt lat="40.742895001792796" lon="-73.84943000209981">
    <ele>8.950000000000001</ele>
   </trkpt>
   <trkpt lat="40.74269" lon="-73.85008">
    <ele>10.560000000000002</ele>
   </trkpt>
   <trkpt lat="40.74279000000001" lon="-73.85019000000001">
    <ele>10.690000000000001</ele>
   </trkpt>
   <trkpt lat="40.742760000000004" lon="-73.8502">
    <ele>10.690000000000001</ele>
   </trkpt>
   <trkpt lat="40.74268" lon="-73.85012">
    <ele>10.92</ele>
   </trkpt>
   <trkpt lat="40.742560000000005" lon="-73.85012">
    <ele>10.98</ele>
   </trkpt>
   <trkpt lat="40.74257" lon="-73.85016">
    <ele>11.02</ele>
   </trkpt>
   <trkpt lat="40.742670000000004" lon="-73.85016">
    <ele>11.22</ele>
   </trkpt>
   <trkpt lat="40.74273" lon="-73.8502">
    <ele>11.35</ele>
   </trkpt>
   <trkpt lat="40.74275" lon="-73.85024">
    <ele>11.35</ele>
   </trkpt>
   <trkpt lat="40.742720000000006" lon="-73.85029">
    <ele>11.38</ele>
   </trkpt>
   <trkpt lat="40.74269" lon="-73.85021">
    <ele>11.38</ele>
   </trkpt>
   <trkpt lat="40.74266" lon="-73.85019000000001">
    <ele>12.190000000000001</ele>
   </trkpt>
   <trkpt lat="40.74257" lon="-73.8502">
    <ele>12.190000000000001</ele>
   </trkpt>
   <trkpt lat="40.74253" lon="-73.85026">
    <ele>12.040000000000001</ele>
   </trkpt>
   <trkpt lat="40.74262" lon="-73.85032000000001">
    <ele>12.39</ele>
   </trkpt>
   <trkpt lat="40.742430000000006" lon="-73.85091">
    <ele>13.500000000000002</ele>
   </trkpt>
   <trkpt lat="40.743260003874795" lon="-73.85133330692265">
    <ele>12.100000000000001</ele>
   </trkpt>
   <trkpt lat="40.744090006203066" lon="-73.85175662441051">
    <ele>14.14</ele>
   </trkpt>
   <trkpt lat="40.74492000698473" lon="-73.85217995246413">
    <ele>12.100000000000001</ele>
   </trkpt>
   <trkpt lat="40.745750006219694" lon="-73.85260329108407">
    <ele>9.98</ele>
   </trkpt>
   <trkpt lat="40.74658000390787" lon="-73.85302664027088">
    <ele>8.71</ele>
   </trkpt>
   <trkpt lat="40.74741" lon="-73.85345000000001">
    <ele>8.520000000000001</ele>
   </trkpt>
   <trkpt lat="40.747550000000004" lon="-73.85354000000001">
    <ele>8.55</ele>
   </trkpt>
   <trkpt lat="40.748090000000005" lon="-73.85398">
    <ele>8.47</ele>
   </trkpt>
   <trkpt lat="40.748160000000006" lon="-73.85405">
    <ele>8.450000000000001</ele>
   </trkpt>
   <trkpt lat="40.74895" lon="-73.85448000000001">
    <ele>8.51</ele>
   </trkpt>
   <trkpt lat="40.74956" lon="-73.85479000000001">
    <ele>9.260000000000002</ele>
   </trkpt>
   <trkpt lat="40.749270008238845" lon="-73.85576667516465">
    <ele>9.53</ele>
   </trkpt>
   <trkpt lat="40.74898000824493" lon="-73.85674334181067">
    <ele>10.66</ele>
   </trkpt>
   <trkpt lat="40.74869" lon="-73.85772">
    <ele>11.9</ele>
   </trkpt>
   <trkpt lat="40.74950333710837" lon="-73.85813830774855">
    <ele>14.46</ele>
   </trkpt>
   <trkpt lat="40.75031667270647" lon="-73.8585566257301">
    <ele>16.27</ele>
   </trkpt>
   <trkpt lat="40.751130006794256" lon="-73.85897495394524">
    <ele>17.210000000000004</ele>
   </trkpt>
   <trkpt lat="40.75194333937159" lon="-73.85939329239446">
    <ele>17.76</ele>
   </trkpt>
   <trkpt lat="40.75275667043844" lon="-73.85981164107831">
    <ele>18.060000000000002</ele>
   </trkpt>
   <trkpt lat="40.75357" lon="-73.86023">
    <ele>15.73</ele>
   </trkpt>
   <trkpt lat="40.75425500019893" lon="-73.86035499613571">
    <ele>16.3</ele>
   </trkpt>
   <trkpt lat="40.75494000026302" lon="-73.86047999484711">
    <ele>16.95</ele>
   </trkpt>
   <trkpt lat="40.75562500019224" lon="-73.86060499613436">
    <ele>17.7</ele>
   </trkpt>
   <trkpt lat="40.756310000000006" lon="-73.86073">
    <ele>18.55</ele>
   </trkpt>
   <trkpt lat="40.75618952519906" lon="-73.86187715919544">
    <ele>19.990000000000002</ele>
   </trkpt>
   <trkpt lat="40.75606903903987" lon="-73.86302431423297">
    <ele>20.59</ele>
   </trkpt>
   <trkpt lat="40.75594854152256" lon="-73.86417146511222">
    <ele>20.57</ele>
   </trkpt>
   <trkpt lat="40.755828032647194" lon="-73.86531861183285">
    <ele>20.37</ele>
   </trkpt>
   <trkpt lat="40.755707512413885" lon="-73.86646575439448">
    <ele>20.720000000000002</ele>
   </trkpt>
   <trkpt lat="40.7555869808227" lon="-73.86761289279676">
    <ele>21.03</ele>
   </trkpt>
   <trkpt lat="40.75546643787374" lon="-73.86876002703934">
    <ele>21.7</ele>
   </trkpt>
   <trkpt lat="40.7553458835671" lon="-73.86990715712184">
    <ele>22.88</ele>
   </trkpt>
   <trkpt lat="40.75522531790285" lon="-73.87105428304392">
    <ele>23.55</ele>
   </trkpt>
   <trkpt lat="40.755104740881094" lon="-73.87220140480522">
    <ele>23.94</ele>
   </trkpt>
   <trkpt lat="40.75498415250193" lon="-73.87334852240538">
    <ele>24.84</ele>
   </trkpt>
   <trkpt lat="40.75486355276542" lon="-73.87449563584403">
    <ele>24.950000000000003</ele>
   </trkpt>
   <trkpt lat="40.75474294167168" lon="-73.8756427451208">
    <ele>23.930000000000003</ele>
   </trkpt>
   <trkpt lat="40.75462231922079" lon="-73.87678985023537">
    <ele>23.200000000000003</ele>
   </trkpt>
   <trkpt lat="40.75450168541284" lon="-73.87793695118735">
    <ele>22.3</ele>
   </trkpt>
   <trkpt lat="40.754381040247914" lon="-73.87908404797639">
    <ele>21.800000000000004</ele>
   </trkpt>
   <trkpt lat="40.75426038372611" lon="-73.88023114060213">
    <ele>21.34</ele>
   </trkpt>
   <trkpt lat="40.75413971584751" lon="-73.88137822906423">
    <ele>21.240000000000002</ele>
   </trkpt>
   <trkpt lat="40.754019036612206" lon="-73.88252531336228">
    <ele>20.85</ele>
   </trkpt>
   <trkpt lat="40.753898346020286" lon="-73.88367239349597">
    <ele>20.650000000000002</ele>
   </trkpt>
   <trkpt lat="40.75377764407186" lon="-73.88481946946493">
    <ele>21.080000000000002</ele>
   </trkpt>
   <trkpt lat="40.75365693076699" lon="-73.88596654126879">
    <ele>21.52</ele>
   </trkpt>
   <trkpt lat="40.75353620610577" lon="-73.8871136089072">
    <ele>21.300000000000004</ele>
   </trkpt>
   <trkpt lat="40.75341547008831" lon="-73.88826067237979">
    <ele>20.450000000000003</ele>
   </trkpt>
   <trkpt lat="40.75329472271467" lon="-73.88940773168622">
    <ele>18.1</ele>
   </trkpt>
   <trkpt lat="40.753173963984956" lon="-73.8905547868261">
    <ele>16.03</ele>
   </trkpt>
   <trkpt lat="40.753053193899255" lon="-73.8917018377991">
    <ele>13.31</ele>
   </trkpt>
   <trkpt lat="40.75293241245767" lon="-73.89284888460486">
    <ele>11.170000000000002</ele>
   </trkpt>
   <trkpt lat="40.75281161966028" lon="-73.89399592724301">
    <ele>10.41</ele>
   </trkpt>
   <trkpt lat="40.75269081550717" lon="-73.8951429657132">
    <ele>9.58</ele>
   </trkpt>
   <trkpt lat="40.752570000000006" lon="-73.89629000000001">
    <ele>9.83</ele>
   </trkpt>
   <trkpt lat="40.75249" lon="-73.89704">
    <ele>9.590000000000002</ele>
   </trkpt>
   <trkpt lat="40.75244" lon="-73.89728000000001">
    <ele>9.39</ele>
   </trkpt>
   <trkpt lat="40.75233001881478" lon="-73.89832400690385">
    <ele>9.19</ele>
   </trkpt>
   <trkpt lat="40.75222002822235" lon="-73.89936801035374">
    <ele>9.55</ele>
   </trkpt>
   <trkpt lat="40.75211002822277" lon="-73.90041201034943">
    <ele>9.680000000000001</ele>
   </trkpt>
   <trkpt lat="40.7520000188161" lon="-73.9014560068906">
    <ele>10.06</ele>
   </trkpt>
   <trkpt lat="40.75189" lon="-73.9025">
    <ele>10.110000000000001</ele>
   </trkpt>
   <trkpt lat="40.751900000000006" lon="-73.90268">
    <ele>10.09</ele>
   </trkpt>
   <trkpt lat="40.751810000000006" lon="-73.90349">
    <ele>10.290000000000001</ele>
   </trkpt>
   <trkpt lat="40.752185003411384" lon="-73.90437499508279">
    <ele>10.74</ele>
   </trkpt>
   <trkpt lat="40.75256" lon="-73.90526000000001">
    <ele>11.080000000000002</ele>
   </trkpt>
   <trkpt lat="40.75292500287677" lon="-73.90607999544244">
    <ele>11.750000000000002</ele>
   </trkpt>
   <trkpt lat="40.75329" lon="-73.90690000000001">
    <ele>12.08</ele>
   </trkpt>
   <trkpt lat="40.75319000790925" lon="-73.9078566694476">
    <ele>12.32</ele>
   </trkpt>
   <trkpt lat="40.75309000791935" lon="-73.90881333601756">
    <ele>12.790000000000001</ele>
   </trkpt>
   <trkpt lat="40.752990000000004" lon="-73.90977000000001">
    <ele>13.8</ele>
   </trkpt>
   <trkpt lat="40.75296" lon="-73.91025">
    <ele>14.41</ele>
   </trkpt>
   <trkpt lat="40.75298" lon="-73.91069">
    <ele>14.5</ele>
   </trkpt>
   <trkpt lat="40.75314401658043" lon="-73.91166999034373">
    <ele>14.06</ele>
   </trkpt>
   <trkpt lat="40.753308024871835" lon="-73.91264998552234">
    <ele>13.510000000000002</ele>
   </trkpt>
   <trkpt lat="40.75347202487412" lon="-73.91362998553568">
    <ele>13.05</ele>
   </trkpt>
   <trkpt lat="40.75363601658721" lon="-73.91460999038357">
    <ele>13.240000000000002</ele>
   </trkpt>
   <trkpt lat="40.753800000000005" lon="-73.91559000000001">
    <ele>13.860000000000001</ele>
   </trkpt>
   <trkpt lat="40.75388" lon="-73.91638">
    <ele>14.24</ele>
   </trkpt>
   <trkpt lat="40.753890000000006" lon="-73.91659">
    <ele>14.24</ele>
   </trkpt>
   <trkpt lat="40.753890000000006" lon="-73.91709">
    <ele>14.13</ele>
   </trkpt>
   <trkpt lat="40.75386" lon="-73.91755">
    <ele>13.940000000000001</ele>
   </trkpt>
   <trkpt lat="40.75381" lon="-73.91796000000001">
    <ele>13.690000000000001</ele>
   </trkpt>
   <trkpt lat="40.7537" lon="-73.91861">
    <ele>13.35</ele>
   </trkpt>
   <trkpt lat="40.753450015952765" lon="-73.91972001251476">
    <ele>12.66</ele>
   </trkpt>
   <trkpt lat="40.75320002127119" lon="-73.92083001668227">
    <ele>12.0</ele>
   </trkpt>
   <trkpt lat="40.75295001595542" lon="-73.9219400125024">
    <ele>11.520000000000001</ele>
   </trkpt>
   <trkpt lat="40.752700000000004" lon="-73.92305">
    <ele>11.160000000000002</ele>
   </trkpt>
   <trkpt lat="40.75254500235703" lon="-73.92379000175431">
    <ele>10.97</ele>
   </trkpt>
   <trkpt lat="40.752390000000005" lon="-73.92453">
    <ele>10.560000000000002</ele>
   </trkpt>
   <trkpt lat="40.75213" lon="-73.92562000000001">
    <ele>9.780000000000001</ele>
   </trkpt>
   <trkpt lat="40.75208000000001" lon="-73.92590000000001">
    <ele>9.780000000000001</ele>
   </trkpt>
   <trkpt lat="40.752060024116496" lon="-73.92708200144237">
    <ele>9.040000000000001</ele>
   </trkpt>
   <trkpt lat="40.75204003617456" lon="-73.9282640021743">
    <ele>8.59</ele>
   </trkpt>
   <trkpt lat="40.752020036174194" lon="-73.92944600219536">
    <ele>7.74</ele>
   </trkpt>
   <trkpt lat="40.75200002411542" lon="-73.93062800150514">
    <ele>7.16</ele>
   </trkpt>
   <trkpt lat="40.75198" lon="-73.93181000000001">
    <ele>6.74</ele>
   </trkpt>
   <trkpt lat="40.75197" lon="-73.93204">
    <ele>6.57</ele>
   </trkpt>
   <trkpt lat="40.751900000000006" lon="-73.93265000000001">
    <ele>6.470000000000001</ele>
   </trkpt>
   <trkpt lat="40.751810000000006" lon="-73.93307">
    <ele>6.6000000000000005</ele>
   </trkpt>
   <trkpt lat="40.75170000000001" lon="-73.93343">
    <ele>6.73</ele>
   </trkpt>
   <trkpt lat="40.751560000000005" lon="-73.93378000000001">
    <ele>6.8100000000000005</ele>
   </trkpt>
   <trkpt lat="40.751430000000006" lon="-73.93405">
    <ele>6.86</ele>
   </trkpt>
   <trkpt lat="40.75112" lon="-73.93454000000001">
    <ele>7.33</ele>
   </trkpt>
   <trkpt lat="40.750980000000006" lon="-73.93475000000001">
    <ele>7.42</ele>
   </trkpt>
   <trkpt lat="40.750345002060506" lon="-73.93544000658285">
    <ele>8.09</ele>
   </trkpt>
   <trkpt lat="40.74971" lon="-73.93613">
    <ele>9.160000000000002</ele>
   </trkpt>
   <trkpt lat="40.749750000000006" lon="-73.93634">
    <ele>9.430000000000001</ele>
   </trkpt>
   <trkpt lat="40.74998" lon="-73.93683">
    <ele>9.510000000000002</ele>
   </trkpt>
   <trkpt lat="40.74976" lon="-73.93742">
    <ele>8.98</ele>
   </trkpt>
   <trkpt lat="40.74978" lon="-73.93754000000001">
    <ele>8.97</ele>
   </trkpt>
   <trkpt lat="40.749880000000005" lon="-73.93774">
    <ele>8.97</ele>
   </trkpt>
  </trkseg>
 </trk>
</gpx>
